ID,Rooms,Area,Price,Afdeling,Adresse,Postnummer,Googlemaps,X koordinate,Y koordinate,Bolig link,Price/Area
0,1 vær.,41,4292,"Afd, 4 H.V. Kaalunds Vej / Chr. Molbechs Vej",H.V. Kaalunds Vej 1 - 5 / Chr. Molbechs Vej 1 - 21,8000  Århus C,"https://maps.googleapis.com/maps/api/staticmap?key=AIzaSyAPZi-HwfGiwUjTaeq6rLhvH3yX8wtxDkw&zoom=15&size=600x600&markers=color:blue|label:A |56.1660566600000000,10.1913213700000000",10.19132137,56.16605666,https://aarhusbolig.dk/afdelinger/?bolignr=89&selskab=31&afdeling=4&antalrum=1,104.6829268292683
1,2 vær.,65,5502,"Afd, 4 H.V. Kaalunds Vej / Chr. Molbechs Vej",H.V. Kaalunds Vej 1 - 5 / Chr. Molbechs Vej 1 - 21,8000  Århus C,"https://maps.googleapis.com/maps/api/staticmap?key=AIzaSyAPZi-HwfGiwUjTaeq6rLhvH3yX8wtxDkw&zoom=15&size=600x600&markers=color:blue|label:A |56.1660566600000000,10.1913213700000000",10.19132137,56.16605666,https://aarhusbolig.dk/afdelinger/?bolignr=46&selskab=31&afdeling=4&antalrum=2,84.64615384615385
2,3 vær.,65,5159,"Afd, 4 H.V. Kaalunds Vej / Chr. Molbechs Vej",H.V. Kaalunds Vej 1 - 5 / Chr. Molbechs Vej 1 - 21,8000  Århus C,"https://maps.googleapis.com/maps/api/staticmap?key=AIzaSyAPZi-HwfGiwUjTaeq6rLhvH3yX8wtxDkw&zoom=15&size=600x600&markers=color:blue|label:A |56.1660566600000000,10.1913213700000000",10.19132137,56.16605666,https://aarhusbolig.dk/afdelinger/?bolignr=9&selskab=31&afdeling=4&antalrum=3,79.36923076923077
3,3 vær.,77,5950,"Afd, 4 H.V. Kaalunds Vej / Chr. Molbechs Vej",H.V. Kaalunds Vej 1 - 5 / Chr. Molbechs Vej 1 - 21,8000  Århus C,"https://maps.googleapis.com/maps/api/staticmap?key=AIzaSyAPZi-HwfGiwUjTaeq6rLhvH3yX8wtxDkw&zoom=15&size=600x600&markers=color:blue|label:A |56.1660566600000000,10.1913213700000000",10.19132137,56.16605666,https://aarhusbolig.dk/afdelinger/?bolignr=11&selskab=31&afdeling=4&antalrum=3,77.27272727272727
4,4 vær.,93,7052,"Afd, 4 H.V. Kaalunds Vej / Chr. Molbechs Vej",H.V. Kaalunds Vej 1 - 5 / Chr. Molbechs Vej 1 - 21,8000  Århus C,"https://maps.googleapis.com/maps/api/staticmap?key=AIzaSyAPZi-HwfGiwUjTaeq6rLhvH3yX8wtxDkw&zoom=15&size=600x600&markers=color:blue|label:A |56.1660566600000000,10.1913213700000000",10.19132137,56.16605666,https://aarhusbolig.dk/afdelinger/?bolignr=39&selskab=31&afdeling=4&antalrum=4,75.82795698924731
5,2 vær.,67,5686,Afd. 7 Vestre Ringgade,Vestre Ringgade 178-186,8000 Århus C,"https://maps.googleapis.com/maps/api/staticmap?key=AIzaSyAPZi-HwfGiwUjTaeq6rLhvH3yX8wtxDkw&zoom=15&size=600x600&markers=color:blue|label:A |56.1677292600000000,10.1917076100000000",10.19170761,56.16772926,https://aarhusbolig.dk/afdelinger/?bolignr=10&selskab=31&afdeling=7&antalrum=2,84.86567164179104
6,3 vær.,67,5584,Afd. 7 Vestre Ringgade,Vestre Ringgade 178-186,8000 Århus C,"https://maps.googleapis.com/maps/api/staticmap?key=AIzaSyAPZi-HwfGiwUjTaeq6rLhvH3yX8wtxDkw&zoom=15&size=600x600&markers=color:blue|label:A |56.1677292600000000,10.1917076100000000",10.19170761,56.16772926,https://aarhusbolig.dk/afdelinger/?bolignr=33&selskab=31&afdeling=7&antalrum=3,83.34328358208955
7,3 vær.,79,6382,Afd. 7 Vestre Ringgade,Vestre Ringgade 178-186,8000 Århus C,"https://maps.googleapis.com/maps/api/staticmap?key=AIzaSyAPZi-HwfGiwUjTaeq6rLhvH3yX8wtxDkw&zoom=15&size=600x600&markers=color:blue|label:A |56.1677292600000000,10.1917076100000000",10.19170761,56.16772926,https://aarhusbolig.dk/afdelinger/?bolignr=12&selskab=31&afdeling=7&antalrum=3,80.78481012658227
8,4 vær.,88,7016,Afd. 7 Vestre Ringgade,Vestre Ringgade 178-186,8000 Århus C,"https://maps.googleapis.com/maps/api/staticmap?key=AIzaSyAPZi-HwfGiwUjTaeq6rLhvH3yX8wtxDkw&zoom=15&size=600x600&markers=color:blue|label:A |56.1677292600000000,10.1917076100000000",10.19170761,56.16772926,https://aarhusbolig.dk/afdelinger/?bolignr=13&selskab=31&afdeling=7&antalrum=4,79.72727272727273
9,1 vær.,46,4095,Afd. 24 Kirkedammen,Kirkedammen 11-29,8000 Århus C,"https://maps.googleapis.com/maps/api/staticmap?key=AIzaSyAPZi-HwfGiwUjTaeq6rLhvH3yX8wtxDkw&zoom=15&size=600x600&markers=color:blue|label:A |56.1398830100000000,10.1786184300000000",10.17861843,56.13988301,https://aarhusbolig.dk/afdelinger/?bolignr=8&selskab=31&afdeling=24&antalrum=1,89.02173913043478
10,2 vær.,62,5450,Afd. 24 Kirkedammen,Kirkedammen 11-29,8000 Århus C,"https://maps.googleapis.com/maps/api/staticmap?key=AIzaSyAPZi-HwfGiwUjTaeq6rLhvH3yX8wtxDkw&zoom=15&size=600x600&markers=color:blue|label:A |56.1398830100000000,10.1786184300000000",10.17861843,56.13988301,https://aarhusbolig.dk/afdelinger/?bolignr=7&selskab=31&afdeling=24&antalrum=2,87.90322580645162
11,3 vær.,82,6643,Afd. 24 Kirkedammen,Kirkedammen 11-29,8000 Århus C,"https://maps.googleapis.com/maps/api/staticmap?key=AIzaSyAPZi-HwfGiwUjTaeq6rLhvH3yX8wtxDkw&zoom=15&size=600x600&markers=color:blue|label:A |56.1398830100000000,10.1786184300000000",10.17861843,56.13988301,https://aarhusbolig.dk/afdelinger/?bolignr=6&selskab=31&afdeling=24&antalrum=3,81.01219512195122
12,4 vær.,93,6909,Afd. 24 Kirkedammen,Kirkedammen 11-29,8000 Århus C,"https://maps.googleapis.com/maps/api/staticmap?key=AIzaSyAPZi-HwfGiwUjTaeq6rLhvH3yX8wtxDkw&zoom=15&size=600x600&markers=color:blue|label:A |56.1398830100000000,10.1786184300000000",10.17861843,56.13988301,https://aarhusbolig.dk/afdelinger/?bolignr=51&selskab=31&afdeling=24&antalrum=4,74.29032258064517
13,3 vær.,92,7273,Afd. 26 Vestre Ringgade/Gustav Wieds Vej,"Vestre Ringgade 188-190, Gustav Wieds Vej 11",8000 Århus C,"https://maps.googleapis.com/maps/api/staticmap?key=AIzaSyAPZi-HwfGiwUjTaeq6rLhvH3yX8wtxDkw&zoom=15&size=600x600&markers=color:blue|label:A |56.1682788100000000,10.1927804900000000",10.19278049,56.16827881,https://aarhusbolig.dk/afdelinger/?bolignr=26&selskab=31&afdeling=26&antalrum=3,79.05434782608695
14,4 vær.,110,8291,Afd. 26 Vestre Ringgade/Gustav Wieds Vej,"Vestre Ringgade 188-190, Gustav Wieds Vej 11",8000 Århus C,"https://maps.googleapis.com/maps/api/staticmap?key=AIzaSyAPZi-HwfGiwUjTaeq6rLhvH3yX8wtxDkw&zoom=15&size=600x600&markers=color:blue|label:A |56.1682788100000000,10.1927804900000000",10.19278049,56.16827881,https://aarhusbolig.dk/afdelinger/?bolignr=1&selskab=31&afdeling=26&antalrum=4,75.37272727272727
15,1 vær.,45,3387,Afd. 33 Vestre Ringgade/Gustav Wieds Vej,"Vestre Ringgade 192-194, Gustav Wieds Vej 7-9",8000 Århus C,"https://maps.googleapis.com/maps/api/staticmap?key=AIzaSyAPZi-HwfGiwUjTaeq6rLhvH3yX8wtxDkw&zoom=15&size=600x600&markers=color:blue|label:A |56.1683265900000000,10.1931238200000000",10.19312382,56.16832659,https://aarhusbolig.dk/afdelinger/?bolignr=2&selskab=31&afdeling=33&antalrum=1,75.26666666666667
16,2 vær.,83,6366,Afd. 33 Vestre Ringgade/Gustav Wieds Vej,"Vestre Ringgade 192-194, Gustav Wieds Vej 7-9",8000 Århus C,"https://maps.googleapis.com/maps/api/staticmap?key=AIzaSyAPZi-HwfGiwUjTaeq6rLhvH3yX8wtxDkw&zoom=15&size=600x600&markers=color:blue|label:A |56.1683265900000000,10.1931238200000000",10.19312382,56.16832659,https://aarhusbolig.dk/afdelinger/?bolignr=1&selskab=31&afdeling=33&antalrum=2,76.6987951807229
17,3 vær.,89,6745,Afd. 33 Vestre Ringgade/Gustav Wieds Vej,"Vestre Ringgade 192-194, Gustav Wieds Vej 7-9",8000 Århus C,"https://maps.googleapis.com/maps/api/staticmap?key=AIzaSyAPZi-HwfGiwUjTaeq6rLhvH3yX8wtxDkw&zoom=15&size=600x600&markers=color:blue|label:A |56.1683265900000000,10.1931238200000000",10.19312382,56.16832659,https://aarhusbolig.dk/afdelinger/?bolignr=3&selskab=31&afdeling=33&antalrum=3,75.78651685393258
18,4 vær.,106,8466,Afd. 33 Vestre Ringgade/Gustav Wieds Vej,"Vestre Ringgade 192-194, Gustav Wieds Vej 7-9",8000 Århus C,"https://maps.googleapis.com/maps/api/staticmap?key=AIzaSyAPZi-HwfGiwUjTaeq6rLhvH3yX8wtxDkw&zoom=15&size=600x600&markers=color:blue|label:A |56.1683265900000000,10.1931238200000000",10.19312382,56.16832659,https://aarhusbolig.dk/afdelinger/?bolignr=36&selskab=31&afdeling=33&antalrum=4,79.86792452830188
19,2 vær.,69,6967,Afd. 36 Hallssti,Hallssti 19-21,8000  Århus C,"https://maps.googleapis.com/maps/api/staticmap?key=AIzaSyAPZi-HwfGiwUjTaeq6rLhvH3yX8wtxDkw&zoom=15&size=600x600&markers=color:blue|label:A |56.1486095400000000,10.1985955200000000",10.19859552,56.14860954,https://aarhusbolig.dk/afdelinger/?bolignr=2801&selskab=31&afdeling=36&antalrum=2,100.97101449275362
20,3 vær.,86,8543,Afd. 36 Hallssti,Hallssti 19-21,8000  Århus C,"https://maps.googleapis.com/maps/api/staticmap?key=AIzaSyAPZi-HwfGiwUjTaeq6rLhvH3yX8wtxDkw&zoom=15&size=600x600&markers=color:blue|label:A |56.1486095400000000,10.1985955200000000",10.19859552,56.14860954,https://aarhusbolig.dk/afdelinger/?bolignr=2800&selskab=31&afdeling=36&antalrum=3,99.33720930232558
21,4 vær.,108,5944,Afd. 54 Norsgade,Norsgade 7 E,8000 Århus C,"https://maps.googleapis.com/maps/api/staticmap?key=AIzaSyAPZi-HwfGiwUjTaeq6rLhvH3yX8wtxDkw&zoom=15&size=600x600&markers=color:blue|label:A |56.1608233600000000,10.2076935800000000",10.20769358,56.16082336,https://aarhusbolig.dk/afdelinger/?bolignr=1&selskab=31&afdeling=54&antalrum=4,55.03703703703704
22,1 vær.,29,3189,Afd. 05 Rosengården,Silkeborgvej,8000  Århus C.,"https://maps.googleapis.com/maps/api/staticmap?key=AIzaSyAPZi-HwfGiwUjTaeq6rLhvH3yX8wtxDkw&zoom=15&size=600x600&markers=color:blue|label:A |56.1563962000000000,10.1850783000000000",10.1850783,56.1563962,https://aarhusbolig.dk/afdelinger/?bolignr=60&selskab=45&afdeling=5&antalrum=1,109.96551724137932
23,2 vær.,61,5476,Afd. 05 Rosengården,Silkeborgvej,8000  Århus C.,"https://maps.googleapis.com/maps/api/staticmap?key=AIzaSyAPZi-HwfGiwUjTaeq6rLhvH3yX8wtxDkw&zoom=15&size=600x600&markers=color:blue|label:A |56.1563962000000000,10.1850783000000000",10.1850783,56.1563962,https://aarhusbolig.dk/afdelinger/?bolignr=8&selskab=45&afdeling=5&antalrum=2,89.77049180327869
24,3 vær.,60,6029,Afd. 05 Rosengården,Silkeborgvej,8000  Århus C.,"https://maps.googleapis.com/maps/api/staticmap?key=AIzaSyAPZi-HwfGiwUjTaeq6rLhvH3yX8wtxDkw&zoom=15&size=600x600&markers=color:blue|label:A |56.1563962000000000,10.1850783000000000",10.1850783,56.1563962,https://aarhusbolig.dk/afdelinger/?bolignr=54&selskab=45&afdeling=5&antalrum=3,100.48333333333333
25,3 vær.,70,8006,Afd. 05 Rosengården,Silkeborgvej,8000  Århus C.,"https://maps.googleapis.com/maps/api/staticmap?key=AIzaSyAPZi-HwfGiwUjTaeq6rLhvH3yX8wtxDkw&zoom=15&size=600x600&markers=color:blue|label:A |56.1563962000000000,10.1850783000000000",10.1850783,56.1563962,https://aarhusbolig.dk/afdelinger/?bolignr=132&selskab=45&afdeling=5&antalrum=3,114.37142857142857
26,3 vær.,75,7023,Afd. 05 Rosengården,Silkeborgvej,8000  Århus C.,"https://maps.googleapis.com/maps/api/staticmap?key=AIzaSyAPZi-HwfGiwUjTaeq6rLhvH3yX8wtxDkw&zoom=15&size=600x600&markers=color:blue|label:A |56.1563962000000000,10.1850783000000000",10.1850783,56.1563962,https://aarhusbolig.dk/afdelinger/?bolignr=3&selskab=45&afdeling=5&antalrum=3,93.64
27,3 vær.,88,9362,Afd. 05 Rosengården,Silkeborgvej,8000  Århus C.,"https://maps.googleapis.com/maps/api/staticmap?key=AIzaSyAPZi-HwfGiwUjTaeq6rLhvH3yX8wtxDkw&zoom=15&size=600x600&markers=color:blue|label:A |56.1563962000000000,10.1850783000000000",10.1850783,56.1563962,https://aarhusbolig.dk/afdelinger/?bolignr=130&selskab=45&afdeling=5&antalrum=3,106.38636363636364
28,4 vær.,103,10458,Afd. 05 Rosengården,Silkeborgvej,8000  Århus C.,"https://maps.googleapis.com/maps/api/staticmap?key=AIzaSyAPZi-HwfGiwUjTaeq6rLhvH3yX8wtxDkw&zoom=15&size=600x600&markers=color:blue|label:A |56.1563962000000000,10.1850783000000000",10.1850783,56.1563962,https://aarhusbolig.dk/afdelinger/?bolignr=131&selskab=45&afdeling=5&antalrum=4,101.53398058252426
29,2 vær.,66,6281,Afd. 11 Holbergsgade,Holbergsgade,8000  Århus C.,"https://maps.googleapis.com/maps/api/staticmap?key=AIzaSyAPZi-HwfGiwUjTaeq6rLhvH3yX8wtxDkw&zoom=15&size=600x600&markers=color:blue|label:A |56.1476060000000000,10.1955501000000000",10.1955501,56.147606,https://aarhusbolig.dk/afdelinger/?bolignr=10&selskab=45&afdeling=11&antalrum=2,95.16666666666667
30,2 vær.,84,8350,Afd. 11 Holbergsgade,Holbergsgade,8000  Århus C.,"https://maps.googleapis.com/maps/api/staticmap?key=AIzaSyAPZi-HwfGiwUjTaeq6rLhvH3yX8wtxDkw&zoom=15&size=600x600&markers=color:blue|label:A |56.1476060000000000,10.1955501000000000",10.1955501,56.147606,https://aarhusbolig.dk/afdelinger/?bolignr=7&selskab=45&afdeling=11&antalrum=2,99.4047619047619
31,1 vær.,67,8561,Afd. 13 Wilstersgade,Wilstersgade,8000  Århus C.,"https://maps.googleapis.com/maps/api/staticmap?key=AIzaSyAPZi-HwfGiwUjTaeq6rLhvH3yX8wtxDkw&zoom=15&size=600x600&markers=color:blue|label:A |56.1479933000000000,10.1947112000000000",10.1947112,56.1479933,https://aarhusbolig.dk/afdelinger/?bolignr=16&selskab=45&afdeling=13&antalrum=1,127.77611940298507
32,2 vær.,70,7188,Afd. 22 Sonnesgården,,8000 Århus C,"https://maps.googleapis.com/maps/api/staticmap?key=AIzaSyAPZi-HwfGiwUjTaeq6rLhvH3yX8wtxDkw&zoom=15&size=600x600&markers=color:blue|label:A |56.1510415000000000,10.1935344000000000",10.1935344,56.1510415,https://aarhusbolig.dk/afdelinger/?bolignr=5503&selskab=214&afdeling=22&antalrum=2,102.68571428571428
33,2 vær.,70,6546,Afd. 22 Sonnesgården,,8000 Århus C,"https://maps.googleapis.com/maps/api/staticmap?key=AIzaSyAPZi-HwfGiwUjTaeq6rLhvH3yX8wtxDkw&zoom=15&size=600x600&markers=color:blue|label:A |56.1510415000000000,10.1935344000000000",10.1935344,56.1510415,https://aarhusbolig.dk/afdelinger/?bolignr=5518&selskab=214&afdeling=22&antalrum=2,93.51428571428572
34,2 vær.,86,7043,Afd. 22 Sonnesgården,,8000 Århus C,"https://maps.googleapis.com/maps/api/staticmap?key=AIzaSyAPZi-HwfGiwUjTaeq6rLhvH3yX8wtxDkw&zoom=15&size=600x600&markers=color:blue|label:A |56.1510415000000000,10.1935344000000000",10.1935344,56.1510415,https://aarhusbolig.dk/afdelinger/?bolignr=5547&selskab=214&afdeling=22&antalrum=2,81.8953488372093
35,2 vær.,89,8533,Afd. 22 Sonnesgården,,8000 Århus C,"https://maps.googleapis.com/maps/api/staticmap?key=AIzaSyAPZi-HwfGiwUjTaeq6rLhvH3yX8wtxDkw&zoom=15&size=600x600&markers=color:blue|label:A |56.1510415000000000,10.1935344000000000",10.1935344,56.1510415,https://aarhusbolig.dk/afdelinger/?bolignr=5546&selskab=214&afdeling=22&antalrum=2,95.87640449438203
36,3 vær.,111,9772,Afd. 22 Sonnesgården,,8000 Århus C,"https://maps.googleapis.com/maps/api/staticmap?key=AIzaSyAPZi-HwfGiwUjTaeq6rLhvH3yX8wtxDkw&zoom=15&size=600x600&markers=color:blue|label:A |56.1510415000000000,10.1935344000000000",10.1935344,56.1510415,https://aarhusbolig.dk/afdelinger/?bolignr=5585&selskab=214&afdeling=22&antalrum=3,88.03603603603604
37,1 vær.,50,6322,Afd. 29 Valdemarsgade,Valdemars Have 10-20,8000,"https://maps.googleapis.com/maps/api/staticmap?key=AIzaSyAPZi-HwfGiwUjTaeq6rLhvH3yX8wtxDkw&zoom=15&size=600x600&markers=color:blue|label:A |56.1517246500000000,10.1963234000000000",10.1963234,56.15172465,https://aarhusbolig.dk/afdelinger/?bolignr=5280&selskab=214&afdeling=29&antalrum=1,126.44
38,2 vær.,59,6375,Afd. 29 Valdemarsgade,Valdemars Have 10-20,8000,"https://maps.googleapis.com/maps/api/staticmap?key=AIzaSyAPZi-HwfGiwUjTaeq6rLhvH3yX8wtxDkw&zoom=15&size=600x600&markers=color:blue|label:A |56.1517246500000000,10.1963234000000000",10.1963234,56.15172465,https://aarhusbolig.dk/afdelinger/?bolignr=5288&selskab=214&afdeling=29&antalrum=2,108.05084745762711
39,3 vær.,95,10938,Afd. 29 Valdemarsgade,Valdemars Have 10-20,8000,"https://maps.googleapis.com/maps/api/staticmap?key=AIzaSyAPZi-HwfGiwUjTaeq6rLhvH3yX8wtxDkw&zoom=15&size=600x600&markers=color:blue|label:A |56.1517246500000000,10.1963234000000000",10.1963234,56.15172465,https://aarhusbolig.dk/afdelinger/?bolignr=5281&selskab=214&afdeling=29&antalrum=3,115.13684210526316
40,3 vær.,104,11436,Afd. 29 Valdemarsgade,Valdemars Have 10-20,8000,"https://maps.googleapis.com/maps/api/staticmap?key=AIzaSyAPZi-HwfGiwUjTaeq6rLhvH3yX8wtxDkw&zoom=15&size=600x600&markers=color:blue|label:A |56.1517246500000000,10.1963234000000000",10.1963234,56.15172465,https://aarhusbolig.dk/afdelinger/?bolignr=5279&selskab=214&afdeling=29&antalrum=3,109.96153846153847
41,2 vær.,75,8895,Afd. 31 Havnehusene,,8000 Aarhus C,"https://maps.googleapis.com/maps/api/staticmap?key=AIzaSyAPZi-HwfGiwUjTaeq6rLhvH3yX8wtxDkw&zoom=15&size=600x600&markers=color:blue|label:A |56.1650551000000000,10.2227872000000000",10.2227872,56.1650551,https://aarhusbolig.dk/afdelinger/?bolignr=5827&selskab=214&afdeling=31&antalrum=2,118.6
42,2 vær.,82,8895,Afd. 31 Havnehusene,,8000 Aarhus C,"https://maps.googleapis.com/maps/api/staticmap?key=AIzaSyAPZi-HwfGiwUjTaeq6rLhvH3yX8wtxDkw&zoom=15&size=600x600&markers=color:blue|label:A |56.1650551000000000,10.2227872000000000",10.2227872,56.1650551,https://aarhusbolig.dk/afdelinger/?bolignr=5840&selskab=214&afdeling=31&antalrum=2,108.47560975609755
43,2 vær.,95,10013,Afd. 31 Havnehusene,,8000 Aarhus C,"https://maps.googleapis.com/maps/api/staticmap?key=AIzaSyAPZi-HwfGiwUjTaeq6rLhvH3yX8wtxDkw&zoom=15&size=600x600&markers=color:blue|label:A |56.1650551000000000,10.2227872000000000",10.2227872,56.1650551,https://aarhusbolig.dk/afdelinger/?bolignr=5828&selskab=214&afdeling=31&antalrum=2,105.4
44,3 vær.,90,9690,Afd. 31 Havnehusene,,8000 Aarhus C,"https://maps.googleapis.com/maps/api/staticmap?key=AIzaSyAPZi-HwfGiwUjTaeq6rLhvH3yX8wtxDkw&zoom=15&size=600x600&markers=color:blue|label:A |56.1650551000000000,10.2227872000000000",10.2227872,56.1650551,https://aarhusbolig.dk/afdelinger/?bolignr=5841&selskab=214&afdeling=31&antalrum=3,107.66666666666667
45,3 vær.,95,10252,Afd. 31 Havnehusene,,8000 Aarhus C,"https://maps.googleapis.com/maps/api/staticmap?key=AIzaSyAPZi-HwfGiwUjTaeq6rLhvH3yX8wtxDkw&zoom=15&size=600x600&markers=color:blue|label:A |56.1650551000000000,10.2227872000000000",10.2227872,56.1650551,https://aarhusbolig.dk/afdelinger/?bolignr=5823&selskab=214&afdeling=31&antalrum=3,107.91578947368421
46,3 vær.,108,10272,Afd. 31 Havnehusene,,8000 Aarhus C,"https://maps.googleapis.com/maps/api/staticmap?key=AIzaSyAPZi-HwfGiwUjTaeq6rLhvH3yX8wtxDkw&zoom=15&size=600x600&markers=color:blue|label:A |56.1650551000000000,10.2227872000000000",10.2227872,56.1650551,https://aarhusbolig.dk/afdelinger/?bolignr=5881&selskab=214&afdeling=31&antalrum=3,95.11111111111111
47,4 vær.,124,11012,Afd. 31 Havnehusene,,8000 Aarhus C,"https://maps.googleapis.com/maps/api/staticmap?key=AIzaSyAPZi-HwfGiwUjTaeq6rLhvH3yX8wtxDkw&zoom=15&size=600x600&markers=color:blue|label:A |56.1650551000000000,10.2227872000000000",10.2227872,56.1650551,https://aarhusbolig.dk/afdelinger/?bolignr=5848&selskab=214&afdeling=31&antalrum=4,88.80645161290323
48,3 vær.,60,9308,Afd. 33 Generationernes Hus,Thit Jensens Gade,8000 Aarhus,"https://maps.googleapis.com/maps/api/staticmap?key=AIzaSyAPZi-HwfGiwUjTaeq6rLhvH3yX8wtxDkw&zoom=15&size=600x600&markers=color:blue|label:A |56.1647640000000000,10.2274440000000000",10.227444,56.164764,https://aarhusbolig.dk/afdelinger/?bolignr=3379&selskab=214&afdeling=33&antalrum=3,155.13333333333333
49,3 vær.,84,10878,Afd. 33 Generationernes Hus,Thit Jensens Gade,8000 Aarhus,"https://maps.googleapis.com/maps/api/staticmap?key=AIzaSyAPZi-HwfGiwUjTaeq6rLhvH3yX8wtxDkw&zoom=15&size=600x600&markers=color:blue|label:A |56.1647640000000000,10.2274440000000000",10.227444,56.164764,https://aarhusbolig.dk/afdelinger/?bolignr=3458&selskab=214&afdeling=33&antalrum=3,129.5
50,4 vær.,78,10088,Afd. 33 Generationernes Hus,Thit Jensens Gade,8000 Aarhus,"https://maps.googleapis.com/maps/api/staticmap?key=AIzaSyAPZi-HwfGiwUjTaeq6rLhvH3yX8wtxDkw&zoom=15&size=600x600&markers=color:blue|label:A |56.1647640000000000,10.2274440000000000",10.227444,56.164764,https://aarhusbolig.dk/afdelinger/?bolignr=3392&selskab=214&afdeling=33&antalrum=4,129.33333333333334
51,2 vær.,68,6289,Afd. 01 V. Ringgade m.fl.,Vester Ringgade 72-82 m.fl.,8000  Århus C.,"https://maps.googleapis.com/maps/api/staticmap?key=AIzaSyAPZi-HwfGiwUjTaeq6rLhvH3yX8wtxDkw&zoom=15&size=600x600&markers=color:blue|label:A |56.1599430000000000,10.1837120000000000",10.183712,56.159943,https://aarhusbolig.dk/afdelinger/?bolignr=8010&selskab=289&afdeling=1&antalrum=2,92.48529411764706
52,2 vær.,68,6739,Afd. 01 V. Ringgade m.fl.,Vester Ringgade 72-82 m.fl.,8000  Århus C.,"https://maps.googleapis.com/maps/api/staticmap?key=AIzaSyAPZi-HwfGiwUjTaeq6rLhvH3yX8wtxDkw&zoom=15&size=600x600&markers=color:blue|label:A |56.1599430000000000,10.1837120000000000",10.183712,56.159943,https://aarhusbolig.dk/afdelinger/?bolignr=8015&selskab=289&afdeling=1&antalrum=2,99.1029411764706
53,2 vær.,79,7346,Afd. 01 V. Ringgade m.fl.,Vester Ringgade 72-82 m.fl.,8000  Århus C.,"https://maps.googleapis.com/maps/api/staticmap?key=AIzaSyAPZi-HwfGiwUjTaeq6rLhvH3yX8wtxDkw&zoom=15&size=600x600&markers=color:blue|label:A |56.1599430000000000,10.1837120000000000",10.183712,56.159943,https://aarhusbolig.dk/afdelinger/?bolignr=8024&selskab=289&afdeling=1&antalrum=2,92.9873417721519
54,2 vær.,84,7869,Afd. 01 V. Ringgade m.fl.,Vester Ringgade 72-82 m.fl.,8000  Århus C.,"https://maps.googleapis.com/maps/api/staticmap?key=AIzaSyAPZi-HwfGiwUjTaeq6rLhvH3yX8wtxDkw&zoom=15&size=600x600&markers=color:blue|label:A |56.1599430000000000,10.1837120000000000",10.183712,56.159943,https://aarhusbolig.dk/afdelinger/?bolignr=8008&selskab=289&afdeling=1&antalrum=2,93.67857142857143
55,3 vær.,92,8466,Afd. 01 V. Ringgade m.fl.,Vester Ringgade 72-82 m.fl.,8000  Århus C.,"https://maps.googleapis.com/maps/api/staticmap?key=AIzaSyAPZi-HwfGiwUjTaeq6rLhvH3yX8wtxDkw&zoom=15&size=600x600&markers=color:blue|label:A |56.1599430000000000,10.1837120000000000",10.183712,56.159943,https://aarhusbolig.dk/afdelinger/?bolignr=8002&selskab=289&afdeling=1&antalrum=3,92.02173913043478
56,4 vær.,107,9913,Afd. 01 V. Ringgade m.fl.,Vester Ringgade 72-82 m.fl.,8000  Århus C.,"https://maps.googleapis.com/maps/api/staticmap?key=AIzaSyAPZi-HwfGiwUjTaeq6rLhvH3yX8wtxDkw&zoom=15&size=600x600&markers=color:blue|label:A |56.1599430000000000,10.1837120000000000",10.183712,56.159943,https://aarhusbolig.dk/afdelinger/?bolignr=8022&selskab=289&afdeling=1&antalrum=4,92.64485981308411
57,5 vær.,119,11027,Afd. 01 V. Ringgade m.fl.,Vester Ringgade 72-82 m.fl.,8000  Århus C.,"https://maps.googleapis.com/maps/api/staticmap?key=AIzaSyAPZi-HwfGiwUjTaeq6rLhvH3yX8wtxDkw&zoom=15&size=600x600&markers=color:blue|label:A |56.1599430000000000,10.1837120000000000",10.183712,56.159943,https://aarhusbolig.dk/afdelinger/?bolignr=8050&selskab=289&afdeling=1&antalrum=5,92.66386554621849
58,2 vær.,56,4684,Afd. 02 Viborgvej m.fl.,Viborgvej 37,8000  Århus C.,"https://maps.googleapis.com/maps/api/staticmap?key=AIzaSyAPZi-HwfGiwUjTaeq6rLhvH3yX8wtxDkw&zoom=15&size=600x600&markers=color:blue|label:A |56.1604330000000000,10.1837700000000000",10.18377,56.160433,https://aarhusbolig.dk/afdelinger/?bolignr=203&selskab=289&afdeling=2&antalrum=2,83.64285714285714
59,3 vær.,64,4796,Afd. 02 Viborgvej m.fl.,Viborgvej 37,8000  Århus C.,"https://maps.googleapis.com/maps/api/staticmap?key=AIzaSyAPZi-HwfGiwUjTaeq6rLhvH3yX8wtxDkw&zoom=15&size=600x600&markers=color:blue|label:A |56.1604330000000000,10.1837700000000000",10.18377,56.160433,https://aarhusbolig.dk/afdelinger/?bolignr=205&selskab=289&afdeling=2&antalrum=3,74.9375
60,3 vær.,71,5288,Afd. 02 Viborgvej m.fl.,Viborgvej 37,8000  Århus C.,"https://maps.googleapis.com/maps/api/staticmap?key=AIzaSyAPZi-HwfGiwUjTaeq6rLhvH3yX8wtxDkw&zoom=15&size=600x600&markers=color:blue|label:A |56.1604330000000000,10.1837700000000000",10.18377,56.160433,https://aarhusbolig.dk/afdelinger/?bolignr=234&selskab=289&afdeling=2&antalrum=3,74.47887323943662
61,4 vær.,85,6862,Afd. 02 Viborgvej m.fl.,Viborgvej 37,8000  Århus C.,"https://maps.googleapis.com/maps/api/staticmap?key=AIzaSyAPZi-HwfGiwUjTaeq6rLhvH3yX8wtxDkw&zoom=15&size=600x600&markers=color:blue|label:A |56.1604330000000000,10.1837700000000000",10.18377,56.160433,https://aarhusbolig.dk/afdelinger/?bolignr=201&selskab=289&afdeling=2&antalrum=4,80.72941176470589
62,2 vær.,74,7365,Afd. 03 Kaserneboulevarden,Kaserneboulevarden 14-28,8000  Århus C.,"https://maps.googleapis.com/maps/api/staticmap?key=AIzaSyAPZi-HwfGiwUjTaeq6rLhvH3yX8wtxDkw&zoom=15&size=600x600&markers=color:blue|label:A |56.1647029000000000,10.1974548000000000",10.1974548,56.1647029,https://aarhusbolig.dk/afdelinger/?bolignr=305&selskab=289&afdeling=3&antalrum=2,99.52702702702703
63,3 vær.,86,8533,Afd. 03 Kaserneboulevarden,Kaserneboulevarden 14-28,8000  Århus C.,"https://maps.googleapis.com/maps/api/staticmap?key=AIzaSyAPZi-HwfGiwUjTaeq6rLhvH3yX8wtxDkw&zoom=15&size=600x600&markers=color:blue|label:A |56.1647029000000000,10.1974548000000000",10.1974548,56.1647029,https://aarhusbolig.dk/afdelinger/?bolignr=303&selskab=289&afdeling=3&antalrum=3,99.22093023255815
64,3 vær.,96,9579,Afd. 03 Kaserneboulevarden,Kaserneboulevarden 14-28,8000  Århus C.,"https://maps.googleapis.com/maps/api/staticmap?key=AIzaSyAPZi-HwfGiwUjTaeq6rLhvH3yX8wtxDkw&zoom=15&size=600x600&markers=color:blue|label:A |56.1647029000000000,10.1974548000000000",10.1974548,56.1647029,https://aarhusbolig.dk/afdelinger/?bolignr=302&selskab=289&afdeling=3&antalrum=3,99.78125
65,4 vær.,96,9942,Afd. 03 Kaserneboulevarden,Kaserneboulevarden 14-28,8000  Århus C.,"https://maps.googleapis.com/maps/api/staticmap?key=AIzaSyAPZi-HwfGiwUjTaeq6rLhvH3yX8wtxDkw&zoom=15&size=600x600&markers=color:blue|label:A |56.1647029000000000,10.1974548000000000",10.1974548,56.1647029,https://aarhusbolig.dk/afdelinger/?bolignr=313&selskab=289&afdeling=3&antalrum=4,103.5625
66,2 vær.,67,6521,Afd. 04 Silkeborgvej,Silkeborgvej 9-17,8000  Århus C.,"https://maps.googleapis.com/maps/api/staticmap?key=AIzaSyAPZi-HwfGiwUjTaeq6rLhvH3yX8wtxDkw&zoom=15&size=600x600&markers=color:blue|label:A |56.1564497000000000,10.1880294000000000",10.1880294,56.1564497,https://aarhusbolig.dk/afdelinger/?bolignr=349&selskab=289&afdeling=4&antalrum=2,97.32835820895522
67,2 vær.,68,6599,Afd. 04 Silkeborgvej,Silkeborgvej 9-17,8000  Århus C.,"https://maps.googleapis.com/maps/api/staticmap?key=AIzaSyAPZi-HwfGiwUjTaeq6rLhvH3yX8wtxDkw&zoom=15&size=600x600&markers=color:blue|label:A |56.1564497000000000,10.1880294000000000",10.1880294,56.1564497,https://aarhusbolig.dk/afdelinger/?bolignr=351&selskab=289&afdeling=4&antalrum=2,97.04411764705883
68,2 vær.,69,6706,Afd. 04 Silkeborgvej,Silkeborgvej 9-17,8000  Århus C.,"https://maps.googleapis.com/maps/api/staticmap?key=AIzaSyAPZi-HwfGiwUjTaeq6rLhvH3yX8wtxDkw&zoom=15&size=600x600&markers=color:blue|label:A |56.1564497000000000,10.1880294000000000",10.1880294,56.1564497,https://aarhusbolig.dk/afdelinger/?bolignr=350&selskab=289&afdeling=4&antalrum=2,97.18840579710145
69,2 vær.,70,6673,Afd. 04 Silkeborgvej,Silkeborgvej 9-17,8000  Århus C.,"https://maps.googleapis.com/maps/api/staticmap?key=AIzaSyAPZi-HwfGiwUjTaeq6rLhvH3yX8wtxDkw&zoom=15&size=600x600&markers=color:blue|label:A |56.1564497000000000,10.1880294000000000",10.1880294,56.1564497,https://aarhusbolig.dk/afdelinger/?bolignr=348&selskab=289&afdeling=4&antalrum=2,95.32857142857142
70,3 vær.,79,7649,Afd. 04 Silkeborgvej,Silkeborgvej 9-17,8000  Århus C.,"https://maps.googleapis.com/maps/api/staticmap?key=AIzaSyAPZi-HwfGiwUjTaeq6rLhvH3yX8wtxDkw&zoom=15&size=600x600&markers=color:blue|label:A |56.1564497000000000,10.1880294000000000",10.1880294,56.1564497,https://aarhusbolig.dk/afdelinger/?bolignr=352&selskab=289&afdeling=4&antalrum=3,96.82278481012658
71,1 vær.,41,3960,Afd. 39 Søhesten,Thomas Koppelsgade 8-26,8000 Aarhus C,"https://maps.googleapis.com/maps/api/staticmap?key=AIzaSyAPZi-HwfGiwUjTaeq6rLhvH3yX8wtxDkw&zoom=15&size=600x600&markers=color:blue|label:A |56.1516700000000000,10.1900400000000000",10.19004,56.15167,https://aarhusbolig.dk/afdelinger/?bolignr=6281&selskab=289&afdeling=58&antalrum=1,96.58536585365853
72,2 vær.,66,7400,Afd. 39 Søhesten,Thomas Koppelsgade 8-26,8000 Aarhus C,"https://maps.googleapis.com/maps/api/staticmap?key=AIzaSyAPZi-HwfGiwUjTaeq6rLhvH3yX8wtxDkw&zoom=15&size=600x600&markers=color:blue|label:A |56.1516700000000000,10.1900400000000000",10.19004,56.15167,https://aarhusbolig.dk/afdelinger/?bolignr=6284&selskab=289&afdeling=58&antalrum=2,112.12121212121212
73,2 vær.,88,9484,Afd. 39 Søhesten,Thomas Koppelsgade 8-26,8000 Aarhus C,"https://maps.googleapis.com/maps/api/staticmap?key=AIzaSyAPZi-HwfGiwUjTaeq6rLhvH3yX8wtxDkw&zoom=15&size=600x600&markers=color:blue|label:A |56.1516700000000000,10.1900400000000000",10.19004,56.15167,https://aarhusbolig.dk/afdelinger/?bolignr=6271&selskab=289&afdeling=58&antalrum=2,107.77272727272727
74,3 vær.,97,10436,Afd. 39 Søhesten,Thomas Koppelsgade 8-26,8000 Aarhus C,"https://maps.googleapis.com/maps/api/staticmap?key=AIzaSyAPZi-HwfGiwUjTaeq6rLhvH3yX8wtxDkw&zoom=15&size=600x600&markers=color:blue|label:A |56.1516700000000000,10.1900400000000000",10.19004,56.15167,https://aarhusbolig.dk/afdelinger/?bolignr=6202&selskab=289&afdeling=58&antalrum=3,107.58762886597938
75,4 vær.,112,11857,Afd. 39 Søhesten,Thomas Koppelsgade 8-26,8000 Aarhus C,"https://maps.googleapis.com/maps/api/staticmap?key=AIzaSyAPZi-HwfGiwUjTaeq6rLhvH3yX8wtxDkw&zoom=15&size=600x600&markers=color:blue|label:A |56.1516700000000000,10.1900400000000000",10.19004,56.15167,https://aarhusbolig.dk/afdelinger/?bolignr=6217&selskab=289&afdeling=58&antalrum=4,105.86607142857143
76,2 vær.,58,4389,Afd. 01 Silkeborgvej,"Silkeborgvej 86-88 V. Ringgade 34-42,",8000  Århus C,"https://maps.googleapis.com/maps/api/staticmap?key=AIzaSyAPZi-HwfGiwUjTaeq6rLhvH3yX8wtxDkw&zoom=15&size=600x600&markers=color:blue|label:A |56.1569300000000000,10.1831000000000000",10.1831,56.15693,https://aarhusbolig.dk/afdelinger/?bolignr=121&selskab=328&afdeling=1&antalrum=2,75.67241379310344
77,3 vær.,74,5444,Afd. 01 Silkeborgvej,"Silkeborgvej 86-88 V. Ringgade 34-42,",8000  Århus C,"https://maps.googleapis.com/maps/api/staticmap?key=AIzaSyAPZi-HwfGiwUjTaeq6rLhvH3yX8wtxDkw&zoom=15&size=600x600&markers=color:blue|label:A |56.1569300000000000,10.1831000000000000",10.1831,56.15693,https://aarhusbolig.dk/afdelinger/?bolignr=101&selskab=328&afdeling=1&antalrum=3,73.56756756756756
78,5 vær.,107,7169,Afd. 01 Silkeborgvej,"Silkeborgvej 86-88 V. Ringgade 34-42,",8000  Århus C,"https://maps.googleapis.com/maps/api/staticmap?key=AIzaSyAPZi-HwfGiwUjTaeq6rLhvH3yX8wtxDkw&zoom=15&size=600x600&markers=color:blue|label:A |56.1569300000000000,10.1831000000000000",10.1831,56.15693,https://aarhusbolig.dk/afdelinger/?bolignr=134&selskab=328&afdeling=1&antalrum=5,67.0
79,5 vær.,107,7244,Afd. 01 Silkeborgvej,"Silkeborgvej 86-88 V. Ringgade 34-42,",8000  Århus C,"https://maps.googleapis.com/maps/api/staticmap?key=AIzaSyAPZi-HwfGiwUjTaeq6rLhvH3yX8wtxDkw&zoom=15&size=600x600&markers=color:blue|label:A |56.1569300000000000,10.1831000000000000",10.1831,56.15693,https://aarhusbolig.dk/afdelinger/?bolignr=138&selskab=328&afdeling=1&antalrum=5,67.70093457943925
80,2 vær.,70,5306,Afd. 02 Vestre Ringgade,Vestre Ringgade 228-236,8000  Århus C,"https://maps.googleapis.com/maps/api/staticmap?key=AIzaSyAPZi-HwfGiwUjTaeq6rLhvH3yX8wtxDkw&zoom=15&size=600x600&markers=color:blue|label:A |56.1701736200000000,10.1979765700000000",10.19797657,56.17017362,https://aarhusbolig.dk/afdelinger/?bolignr=13&selskab=328&afdeling=2&antalrum=2,75.8
81,3 vær.,85,5527,Afd. 02 Vestre Ringgade,Vestre Ringgade 228-236,8000  Århus C,"https://maps.googleapis.com/maps/api/staticmap?key=AIzaSyAPZi-HwfGiwUjTaeq6rLhvH3yX8wtxDkw&zoom=15&size=600x600&markers=color:blue|label:A |56.1701736200000000,10.1979765700000000",10.19797657,56.17017362,https://aarhusbolig.dk/afdelinger/?bolignr=1&selskab=328&afdeling=2&antalrum=3,65.02352941176471
82,4 vær.,103,7282,Afd. 02 Vestre Ringgade,Vestre Ringgade 228-236,8000  Århus C,"https://maps.googleapis.com/maps/api/staticmap?key=AIzaSyAPZi-HwfGiwUjTaeq6rLhvH3yX8wtxDkw&zoom=15&size=600x600&markers=color:blue|label:A |56.1701736200000000,10.1979765700000000",10.19797657,56.17017362,https://aarhusbolig.dk/afdelinger/?bolignr=26&selskab=328&afdeling=2&antalrum=4,70.69902912621359
83,1 vær.,29,1888,Afd. 04 Nordborggade,Nordborggade 30-32,8000  Århus C,"https://maps.googleapis.com/maps/api/staticmap?key=AIzaSyAPZi-HwfGiwUjTaeq6rLhvH3yX8wtxDkw&zoom=15&size=600x600&markers=color:blue|label:A |56.1457407600000000,10.1853561400000000",10.18535614,56.14574076,https://aarhusbolig.dk/afdelinger/?bolignr=13&selskab=328&afdeling=4&antalrum=1,65.10344827586206
84,2 vær.,54,4010,Afd. 04 Nordborggade,Nordborggade 30-32,8000  Århus C,"https://maps.googleapis.com/maps/api/staticmap?key=AIzaSyAPZi-HwfGiwUjTaeq6rLhvH3yX8wtxDkw&zoom=15&size=600x600&markers=color:blue|label:A |56.1457407600000000,10.1853561400000000",10.18535614,56.14574076,https://aarhusbolig.dk/afdelinger/?bolignr=11&selskab=328&afdeling=4&antalrum=2,74.25925925925925
85,3 vær.,86,5577,Afd. 04 Nordborggade,Nordborggade 30-32,8000  Århus C,"https://maps.googleapis.com/maps/api/staticmap?key=AIzaSyAPZi-HwfGiwUjTaeq6rLhvH3yX8wtxDkw&zoom=15&size=600x600&markers=color:blue|label:A |56.1457407600000000,10.1853561400000000",10.18535614,56.14574076,https://aarhusbolig.dk/afdelinger/?bolignr=4&selskab=328&afdeling=4&antalrum=3,64.84883720930233
86,1 vær.,40,3731,Afd. 06 Silkeborgvej,"Silkeborgvej 140, 148, 150",8000 Århus C,"https://maps.googleapis.com/maps/api/staticmap?key=AIzaSyAPZi-HwfGiwUjTaeq6rLhvH3yX8wtxDkw&zoom=15&size=600x600&markers=color:blue|label:A |56.1565453800000000,10.1786184300000000",10.17861843,56.15654538,https://aarhusbolig.dk/afdelinger/?bolignr=307&selskab=328&afdeling=6&antalrum=1,93.275
87,2 vær.,52,4532,Afd. 06 Silkeborgvej,"Silkeborgvej 140, 148, 150",8000 Århus C,"https://maps.googleapis.com/maps/api/staticmap?key=AIzaSyAPZi-HwfGiwUjTaeq6rLhvH3yX8wtxDkw&zoom=15&size=600x600&markers=color:blue|label:A |56.1565453800000000,10.1786184300000000",10.17861843,56.15654538,https://aarhusbolig.dk/afdelinger/?bolignr=310&selskab=328&afdeling=6&antalrum=2,87.15384615384616
88,1 vær.,39,3522,Afd. 09 Kirkedammen,"Kirkedammen 10-24, 31-47",8000 Århus C,"https://maps.googleapis.com/maps/api/staticmap?key=AIzaSyAPZi-HwfGiwUjTaeq6rLhvH3yX8wtxDkw&zoom=15&size=600x600&markers=color:blue|label:A |56.1406481500000000,10.1772022200000000",10.17720222,56.14064815,https://aarhusbolig.dk/afdelinger/?bolignr=799&selskab=328&afdeling=9&antalrum=1,90.3076923076923
89,2 vær.,64,5093,Afd. 09 Kirkedammen,"Kirkedammen 10-24, 31-47",8000 Århus C,"https://maps.googleapis.com/maps/api/staticmap?key=AIzaSyAPZi-HwfGiwUjTaeq6rLhvH3yX8wtxDkw&zoom=15&size=600x600&markers=color:blue|label:A |56.1406481500000000,10.1772022200000000",10.17720222,56.14064815,https://aarhusbolig.dk/afdelinger/?bolignr=702&selskab=328&afdeling=9&antalrum=2,79.578125
90,3 vær.,69,5337,Afd. 09 Kirkedammen,"Kirkedammen 10-24, 31-47",8000 Århus C,"https://maps.googleapis.com/maps/api/staticmap?key=AIzaSyAPZi-HwfGiwUjTaeq6rLhvH3yX8wtxDkw&zoom=15&size=600x600&markers=color:blue|label:A |56.1406481500000000,10.1772022200000000",10.17720222,56.14064815,https://aarhusbolig.dk/afdelinger/?bolignr=776&selskab=328&afdeling=9&antalrum=3,77.34782608695652
91,3 vær.,77,5716,Afd. 09 Kirkedammen,"Kirkedammen 10-24, 31-47",8000 Århus C,"https://maps.googleapis.com/maps/api/staticmap?key=AIzaSyAPZi-HwfGiwUjTaeq6rLhvH3yX8wtxDkw&zoom=15&size=600x600&markers=color:blue|label:A |56.1406481500000000,10.1772022200000000",10.17720222,56.14064815,https://aarhusbolig.dk/afdelinger/?bolignr=708&selskab=328&afdeling=9&antalrum=3,74.23376623376623
92,4 vær.,89,6935,Afd. 09 Kirkedammen,"Kirkedammen 10-24, 31-47",8000 Århus C,"https://maps.googleapis.com/maps/api/staticmap?key=AIzaSyAPZi-HwfGiwUjTaeq6rLhvH3yX8wtxDkw&zoom=15&size=600x600&markers=color:blue|label:A |56.1406481500000000,10.1772022200000000",10.17720222,56.14064815,https://aarhusbolig.dk/afdelinger/?bolignr=701&selskab=328&afdeling=9&antalrum=4,77.92134831460675
93,4 vær.,93,6849,Afd. 09 Kirkedammen,"Kirkedammen 10-24, 31-47",8000 Århus C,"https://maps.googleapis.com/maps/api/staticmap?key=AIzaSyAPZi-HwfGiwUjTaeq6rLhvH3yX8wtxDkw&zoom=15&size=600x600&markers=color:blue|label:A |56.1406481500000000,10.1772022200000000",10.17720222,56.14064815,https://aarhusbolig.dk/afdelinger/?bolignr=757&selskab=328&afdeling=9&antalrum=4,73.64516129032258
94,2 vær.,67,5104,Afd. 10 Åbenrågade,Åbenrågade 1-19,8000  Århus C,"https://maps.googleapis.com/maps/api/staticmap?key=AIzaSyAPZi-HwfGiwUjTaeq6rLhvH3yX8wtxDkw&zoom=15&size=600x600&markers=color:blue|label:A |56.1435173100000000,10.1850128200000000",10.18501282,56.14351731,https://aarhusbolig.dk/afdelinger/?bolignr=23&selskab=328&afdeling=10&antalrum=2,76.17910447761194
95,3 vær.,83,6158,Afd. 10 Åbenrågade,Åbenrågade 1-19,8000  Århus C,"https://maps.googleapis.com/maps/api/staticmap?key=AIzaSyAPZi-HwfGiwUjTaeq6rLhvH3yX8wtxDkw&zoom=15&size=600x600&markers=color:blue|label:A |56.1435173100000000,10.1850128200000000",10.18501282,56.14351731,https://aarhusbolig.dk/afdelinger/?bolignr=4&selskab=328&afdeling=10&antalrum=3,74.19277108433735
96,4 vær.,98,6789,Afd. 10 Åbenrågade,Åbenrågade 1-19,8000  Århus C,"https://maps.googleapis.com/maps/api/staticmap?key=AIzaSyAPZi-HwfGiwUjTaeq6rLhvH3yX8wtxDkw&zoom=15&size=600x600&markers=color:blue|label:A |56.1435173100000000,10.1850128200000000",10.18501282,56.14351731,https://aarhusbolig.dk/afdelinger/?bolignr=16&selskab=328&afdeling=10&antalrum=4,69.27551020408163
97,2 vær.,77,6961,Afd. 20 Vestergade,Vestergade 26-30,8000 Århus C,"https://maps.googleapis.com/maps/api/staticmap?key=AIzaSyAPZi-HwfGiwUjTaeq6rLhvH3yX8wtxDkw&zoom=15&size=600x600&markers=color:blue|label:A |56.1577403900000000,10.2035093300000000",10.20350933,56.15774039,https://aarhusbolig.dk/afdelinger/?bolignr=1&selskab=328&afdeling=20&antalrum=2,90.40259740259741
98,2 vær.,69,5664,Afd. 24 Bødker Balles Gård,Bødker Balles Gård 1-5,8000 Århus C,"https://maps.googleapis.com/maps/api/staticmap?key=AIzaSyAPZi-HwfGiwUjTaeq6rLhvH3yX8wtxDkw&zoom=15&size=600x600&markers=color:blue|label:A |56.1551591100000000,10.2044534700000000",10.20445347,56.15515911,https://aarhusbolig.dk/afdelinger/?bolignr=11&selskab=328&afdeling=24&antalrum=2,82.08695652173913
99,3 vær.,79,6322,Afd. 24 Bødker Balles Gård,Bødker Balles Gård 1-5,8000 Århus C,"https://maps.googleapis.com/maps/api/staticmap?key=AIzaSyAPZi-HwfGiwUjTaeq6rLhvH3yX8wtxDkw&zoom=15&size=600x600&markers=color:blue|label:A |56.1551591100000000,10.2044534700000000",10.20445347,56.15515911,https://aarhusbolig.dk/afdelinger/?bolignr=8&selskab=328&afdeling=24&antalrum=3,80.0253164556962
100,2 vær.,76,7185,"Afd. 51 Åbenrågade 9 A, 4.","Åbenrågade 9 A, 4. 1-17",8000  Århus C,"https://maps.googleapis.com/maps/api/staticmap?key=AIzaSyAPZi-HwfGiwUjTaeq6rLhvH3yX8wtxDkw&zoom=15&size=600x600&markers=color:blue|label:A |56.1433977700000000,10.1849699000000000|56.1434216700000000,10.1847982400000000",10.18479824,56.14342167,https://aarhusbolig.dk/afdelinger/?bolignr=1&selskab=328&afdeling=51&antalrum=2,94.53947368421052
101,3 vær.,90,8422,"Afd. 51 Åbenrågade 9 A, 4.","Åbenrågade 9 A, 4. 1-17",8000  Århus C,"https://maps.googleapis.com/maps/api/staticmap?key=AIzaSyAPZi-HwfGiwUjTaeq6rLhvH3yX8wtxDkw&zoom=15&size=600x600&markers=color:blue|label:A |56.1433977700000000,10.1849699000000000|56.1434216700000000,10.1847982400000000",10.18479824,56.14342167,https://aarhusbolig.dk/afdelinger/?bolignr=2&selskab=328&afdeling=51&antalrum=3,93.57777777777778
102,3 vær.,78,5238,Afd. 22 Borgmester Jakob Jensens Gade,Borgmester Jakob Jensens Gade 1-7,8000  Århus C,"https://maps.googleapis.com/maps/api/staticmap?key=AIzaSyAPZi-HwfGiwUjTaeq6rLhvH3yX8wtxDkw&zoom=15&size=600x600&markers=color:blue|label:A |56.1656504500000000,10.1885747900000000",10.18857479,56.16565045,https://aarhusbolig.dk/afdelinger/?bolignr=21&selskab=698&afdeling=22&antalrum=3,67.15384615384616
103,3 vær.,84,5602,Afd. 22 Borgmester Jakob Jensens Gade,Borgmester Jakob Jensens Gade 1-7,8000  Århus C,"https://maps.googleapis.com/maps/api/staticmap?key=AIzaSyAPZi-HwfGiwUjTaeq6rLhvH3yX8wtxDkw&zoom=15&size=600x600&markers=color:blue|label:A |56.1656504500000000,10.1885747900000000",10.18857479,56.16565045,https://aarhusbolig.dk/afdelinger/?bolignr=22&selskab=698&afdeling=22&antalrum=3,66.69047619047619
104,4 vær.,86,5987,Afd. 22 Borgmester Jakob Jensens Gade,Borgmester Jakob Jensens Gade 1-7,8000  Århus C,"https://maps.googleapis.com/maps/api/staticmap?key=AIzaSyAPZi-HwfGiwUjTaeq6rLhvH3yX8wtxDkw&zoom=15&size=600x600&markers=color:blue|label:A |56.1656504500000000,10.1885747900000000",10.18857479,56.16565045,https://aarhusbolig.dk/afdelinger/?bolignr=7&selskab=698&afdeling=22&antalrum=4,69.61627906976744
105,4 vær.,110,8019,Afd. 22 Borgmester Jakob Jensens Gade,Borgmester Jakob Jensens Gade 1-7,8000  Århus C,"https://maps.googleapis.com/maps/api/staticmap?key=AIzaSyAPZi-HwfGiwUjTaeq6rLhvH3yX8wtxDkw&zoom=15&size=600x600&markers=color:blue|label:A |56.1656504500000000,10.1885747900000000",10.18857479,56.16565045,https://aarhusbolig.dk/afdelinger/?bolignr=3&selskab=698&afdeling=22&antalrum=4,72.9
106,1 vær.,23,2087,Afd. 23 Markus Kirkeplads/Grønnegade,"Markus Kirkeplads 6-10 og 20-34, Grønnegade 95-101",8000  Århus C,"https://maps.googleapis.com/maps/api/staticmap?key=AIzaSyAPZi-HwfGiwUjTaeq6rLhvH3yX8wtxDkw&zoom=15&size=600x600&markers=color:blue|label:A |56.1609906400000000,10.1988744700000000",10.19887447,56.16099064,https://aarhusbolig.dk/afdelinger/?bolignr=8&selskab=698&afdeling=23&antalrum=1,90.73913043478261
107,1 vær.,27,2550,Afd. 23 Markus Kirkeplads/Grønnegade,"Markus Kirkeplads 6-10 og 20-34, Grønnegade 95-101",8000  Århus C,"https://maps.googleapis.com/maps/api/staticmap?key=AIzaSyAPZi-HwfGiwUjTaeq6rLhvH3yX8wtxDkw&zoom=15&size=600x600&markers=color:blue|label:A |56.1609906400000000,10.1988744700000000",10.19887447,56.16099064,https://aarhusbolig.dk/afdelinger/?bolignr=7301&selskab=698&afdeling=23&antalrum=1,94.44444444444444
108,1 vær.,31,2555,Afd. 23 Markus Kirkeplads/Grønnegade,"Markus Kirkeplads 6-10 og 20-34, Grønnegade 95-101",8000  Århus C,"https://maps.googleapis.com/maps/api/staticmap?key=AIzaSyAPZi-HwfGiwUjTaeq6rLhvH3yX8wtxDkw&zoom=15&size=600x600&markers=color:blue|label:A |56.1609906400000000,10.1988744700000000",10.19887447,56.16099064,https://aarhusbolig.dk/afdelinger/?bolignr=7303&selskab=698&afdeling=23&antalrum=1,82.41935483870968
109,1 vær.,51,5058,Afd. 23 Markus Kirkeplads/Grønnegade,"Markus Kirkeplads 6-10 og 20-34, Grønnegade 95-101",8000  Århus C,"https://maps.googleapis.com/maps/api/staticmap?key=AIzaSyAPZi-HwfGiwUjTaeq6rLhvH3yX8wtxDkw&zoom=15&size=600x600&markers=color:blue|label:A |56.1609906400000000,10.1988744700000000",10.19887447,56.16099064,https://aarhusbolig.dk/afdelinger/?bolignr=55&selskab=698&afdeling=23&antalrum=1,99.17647058823529
110,2 vær.,39,3800,Afd. 23 Markus Kirkeplads/Grønnegade,"Markus Kirkeplads 6-10 og 20-34, Grønnegade 95-101",8000  Århus C,"https://maps.googleapis.com/maps/api/staticmap?key=AIzaSyAPZi-HwfGiwUjTaeq6rLhvH3yX8wtxDkw&zoom=15&size=600x600&markers=color:blue|label:A |56.1609906400000000,10.1988744700000000",10.19887447,56.16099064,https://aarhusbolig.dk/afdelinger/?bolignr=93&selskab=698&afdeling=23&antalrum=2,97.43589743589743
111,2 vær.,71,6756,Afd. 23 Markus Kirkeplads/Grønnegade,"Markus Kirkeplads 6-10 og 20-34, Grønnegade 95-101",8000  Århus C,"https://maps.googleapis.com/maps/api/staticmap?key=AIzaSyAPZi-HwfGiwUjTaeq6rLhvH3yX8wtxDkw&zoom=15&size=600x600&markers=color:blue|label:A |56.1609906400000000,10.1988744700000000",10.19887447,56.16099064,https://aarhusbolig.dk/afdelinger/?bolignr=95&selskab=698&afdeling=23&antalrum=2,95.15492957746478
112,3 vær.,60,5111,Afd. 23 Markus Kirkeplads/Grønnegade,"Markus Kirkeplads 6-10 og 20-34, Grønnegade 95-101",8000  Århus C,"https://maps.googleapis.com/maps/api/staticmap?key=AIzaSyAPZi-HwfGiwUjTaeq6rLhvH3yX8wtxDkw&zoom=15&size=600x600&markers=color:blue|label:A |56.1609906400000000,10.1988744700000000",10.19887447,56.16099064,https://aarhusbolig.dk/afdelinger/?bolignr=92&selskab=698&afdeling=23&antalrum=3,85.18333333333334
113,3 vær.,87,7467,Afd. 23 Markus Kirkeplads/Grønnegade,"Markus Kirkeplads 6-10 og 20-34, Grønnegade 95-101",8000  Århus C,"https://maps.googleapis.com/maps/api/staticmap?key=AIzaSyAPZi-HwfGiwUjTaeq6rLhvH3yX8wtxDkw&zoom=15&size=600x600&markers=color:blue|label:A |56.1609906400000000,10.1988744700000000",10.19887447,56.16099064,https://aarhusbolig.dk/afdelinger/?bolignr=41&selskab=698&afdeling=23&antalrum=3,85.82758620689656
114,4 vær.,78,6722,Afd. 23 Markus Kirkeplads/Grønnegade,"Markus Kirkeplads 6-10 og 20-34, Grønnegade 95-101",8000  Århus C,"https://maps.googleapis.com/maps/api/staticmap?key=AIzaSyAPZi-HwfGiwUjTaeq6rLhvH3yX8wtxDkw&zoom=15&size=600x600&markers=color:blue|label:A |56.1609906400000000,10.1988744700000000",10.19887447,56.16099064,https://aarhusbolig.dk/afdelinger/?bolignr=42&selskab=698&afdeling=23&antalrum=4,86.17948717948718
115,4 vær.,102,9189,Afd. 23 Markus Kirkeplads/Grønnegade,"Markus Kirkeplads 6-10 og 20-34, Grønnegade 95-101",8000  Århus C,"https://maps.googleapis.com/maps/api/staticmap?key=AIzaSyAPZi-HwfGiwUjTaeq6rLhvH3yX8wtxDkw&zoom=15&size=600x600&markers=color:blue|label:A |56.1609906400000000,10.1988744700000000",10.19887447,56.16099064,https://aarhusbolig.dk/afdelinger/?bolignr=113&selskab=698&afdeling=23&antalrum=4,90.08823529411765
116,1 vær.,96,7087,Afd. 23 Grønnegade,Grønnegade 101. st. th.,8000 Århus C,"https://maps.googleapis.com/maps/api/staticmap?key=AIzaSyAPZi-HwfGiwUjTaeq6rLhvH3yX8wtxDkw&zoom=15&size=600x600&markers=color:blue|label:A |56.1609906400000000,10.1988744700000000",10.19887447,56.16099064,https://aarhusbolig.dk/afdelinger/?bolignr=118&selskab=698&afdeling=118&antalrum=1,73.82291666666667
117,1 vær.,59,5538,Afd. 44 Fiskergade,Fiskergade 90,8000 Århus C,"https://maps.googleapis.com/maps/api/staticmap?key=AIzaSyAPZi-HwfGiwUjTaeq6rLhvH3yX8wtxDkw&zoom=15&size=600x600&markers=color:blue|label:A |56.1543464500000000,10.2099895500000000",10.20998955,56.15434645,https://aarhusbolig.dk/afdelinger/?bolignr=1001&selskab=715&afdeling=44&antalrum=1,93.86440677966101
118,2 vær.,66,5926,Afd. 44 Fiskergade,Fiskergade 90,8000 Århus C,"https://maps.googleapis.com/maps/api/staticmap?key=AIzaSyAPZi-HwfGiwUjTaeq6rLhvH3yX8wtxDkw&zoom=15&size=600x600&markers=color:blue|label:A |56.1543464500000000,10.2099895500000000",10.20998955,56.15434645,https://aarhusbolig.dk/afdelinger/?bolignr=1005&selskab=715&afdeling=44&antalrum=2,89.78787878787878
119,2 vær.,79,6712,Afd. 44 Fiskergade,Fiskergade 90,8000 Århus C,"https://maps.googleapis.com/maps/api/staticmap?key=AIzaSyAPZi-HwfGiwUjTaeq6rLhvH3yX8wtxDkw&zoom=15&size=600x600&markers=color:blue|label:A |56.1543464500000000,10.2099895500000000",10.20998955,56.15434645,https://aarhusbolig.dk/afdelinger/?bolignr=1006&selskab=715&afdeling=44&antalrum=2,84.9620253164557
120,3 vær.,126,9436,Afd. 44 Fiskergade,Fiskergade 90,8000 Århus C,"https://maps.googleapis.com/maps/api/staticmap?key=AIzaSyAPZi-HwfGiwUjTaeq6rLhvH3yX8wtxDkw&zoom=15&size=600x600&markers=color:blue|label:A |56.1543464500000000,10.2099895500000000",10.20998955,56.15434645,https://aarhusbolig.dk/afdelinger/?bolignr=1030&selskab=715&afdeling=44&antalrum=3,74.88888888888889
121,2 vær.,55,4752,Afd. 57 Ingerslevs Boulevard,Ingerslevs Boulevard 8,8000  Århus C.,"https://maps.googleapis.com/maps/api/staticmap?key=AIzaSyAPZi-HwfGiwUjTaeq6rLhvH3yX8wtxDkw&zoom=15&size=600x600&markers=color:blue|label:A |56.1448083600000000,10.1956129100000000",10.19561291,56.14480836,https://aarhusbolig.dk/afdelinger/?bolignr=1002&selskab=715&afdeling=57&antalrum=2,86.4
122,2 vær.,57,4960,Afd. 57 Ingerslevs Boulevard,Ingerslevs Boulevard 8,8000  Århus C.,"https://maps.googleapis.com/maps/api/staticmap?key=AIzaSyAPZi-HwfGiwUjTaeq6rLhvH3yX8wtxDkw&zoom=15&size=600x600&markers=color:blue|label:A |56.1448083600000000,10.1956129100000000",10.19561291,56.14480836,https://aarhusbolig.dk/afdelinger/?bolignr=1008&selskab=715&afdeling=57&antalrum=2,87.01754385964912
123,4 vær.,98,8118,Afd. 57 Ingerslevs Boulevard,Ingerslevs Boulevard 8,8000  Århus C.,"https://maps.googleapis.com/maps/api/staticmap?key=AIzaSyAPZi-HwfGiwUjTaeq6rLhvH3yX8wtxDkw&zoom=15&size=600x600&markers=color:blue|label:A |56.1448083600000000,10.1956129100000000",10.19561291,56.14480836,https://aarhusbolig.dk/afdelinger/?bolignr=1009&selskab=715&afdeling=57&antalrum=4,82.83673469387755
124,4 vær.,104,7745,Afd. 57 Ingerslevs Boulevard,Ingerslevs Boulevard 8,8000  Århus C.,"https://maps.googleapis.com/maps/api/staticmap?key=AIzaSyAPZi-HwfGiwUjTaeq6rLhvH3yX8wtxDkw&zoom=15&size=600x600&markers=color:blue|label:A |56.1448083600000000,10.1956129100000000",10.19561291,56.14480836,https://aarhusbolig.dk/afdelinger/?bolignr=1003&selskab=715&afdeling=57&antalrum=4,74.47115384615384
125,2 vær.,58,4040,Afd. 05 Teglgården,Teglværksgade,8000  Århus C.,"https://maps.googleapis.com/maps/api/staticmap?key=AIzaSyAPZi-HwfGiwUjTaeq6rLhvH3yX8wtxDkw&zoom=15&size=600x600&markers=color:blue|label:A |56.1599543000000000,10.1986439000000000",10.1986439,56.1599543,https://aarhusbolig.dk/afdelinger/?bolignr=340&selskab=881&afdeling=5&antalrum=2,69.65517241379311
126,3 vær.,69,4506,Afd. 05 Teglgården,Teglværksgade,8000  Århus C.,"https://maps.googleapis.com/maps/api/staticmap?key=AIzaSyAPZi-HwfGiwUjTaeq6rLhvH3yX8wtxDkw&zoom=15&size=600x600&markers=color:blue|label:A |56.1599543000000000,10.1986439000000000",10.1986439,56.1599543,https://aarhusbolig.dk/afdelinger/?bolignr=320&selskab=881&afdeling=5&antalrum=3,65.30434782608695
127,3 vær.,73,4661,Afd. 05 Teglgården,Teglværksgade,8000  Århus C.,"https://maps.googleapis.com/maps/api/staticmap?key=AIzaSyAPZi-HwfGiwUjTaeq6rLhvH3yX8wtxDkw&zoom=15&size=600x600&markers=color:blue|label:A |56.1599543000000000,10.1986439000000000",10.1986439,56.1599543,https://aarhusbolig.dk/afdelinger/?bolignr=459&selskab=881&afdeling=5&antalrum=3,63.84931506849315
128,4 vær.,103,6115,Afd. 05 Teglgården,Teglværksgade,8000  Århus C.,"https://maps.googleapis.com/maps/api/staticmap?key=AIzaSyAPZi-HwfGiwUjTaeq6rLhvH3yX8wtxDkw&zoom=15&size=600x600&markers=color:blue|label:A |56.1599543000000000,10.1986439000000000",10.1986439,56.1599543,https://aarhusbolig.dk/afdelinger/?bolignr=453&selskab=881&afdeling=5&antalrum=4,59.36893203883495
129,5 vær.,132,7124,Afd. 05 Teglgården,Teglværksgade,8000  Århus C.,"https://maps.googleapis.com/maps/api/staticmap?key=AIzaSyAPZi-HwfGiwUjTaeq6rLhvH3yX8wtxDkw&zoom=15&size=600x600&markers=color:blue|label:A |56.1599543000000000,10.1986439000000000",10.1986439,56.1599543,https://aarhusbolig.dk/afdelinger/?bolignr=303&selskab=881&afdeling=5&antalrum=5,53.96969696969697
130,2 vær.,62,3982,Afd. 06 Ingerslevgården,Stadion Alle,8000  Århus C.,"https://maps.googleapis.com/maps/api/staticmap?key=AIzaSyAPZi-HwfGiwUjTaeq6rLhvH3yX8wtxDkw&zoom=15&size=600x600&markers=color:blue|label:A |56.1433926000000000,10.1951260000000000",10.195126,56.1433926,https://aarhusbolig.dk/afdelinger/?bolignr=702&selskab=881&afdeling=6&antalrum=2,64.2258064516129
131,3 vær.,83,5100,Afd. 06 Ingerslevgården,Stadion Alle,8000  Århus C.,"https://maps.googleapis.com/maps/api/staticmap?key=AIzaSyAPZi-HwfGiwUjTaeq6rLhvH3yX8wtxDkw&zoom=15&size=600x600&markers=color:blue|label:A |56.1433926000000000,10.1951260000000000",10.195126,56.1433926,https://aarhusbolig.dk/afdelinger/?bolignr=681&selskab=881&afdeling=6&antalrum=3,61.44578313253012
132,4 vær.,108,7224,Afd. 06 Ingerslevgården,Stadion Alle,8000  Århus C.,"https://maps.googleapis.com/maps/api/staticmap?key=AIzaSyAPZi-HwfGiwUjTaeq6rLhvH3yX8wtxDkw&zoom=15&size=600x600&markers=color:blue|label:A |56.1433926000000000,10.1951260000000000",10.195126,56.1433926,https://aarhusbolig.dk/afdelinger/?bolignr=601&selskab=881&afdeling=6&antalrum=4,66.88888888888889
133,2 vær.,57,4194,Afd. 07 Ringkøbingvej,Ringkøbingvej,8000  Århus C.,"https://maps.googleapis.com/maps/api/staticmap?key=AIzaSyAPZi-HwfGiwUjTaeq6rLhvH3yX8wtxDkw&zoom=15&size=600x600&markers=color:blue|label:A |56.1571202000000000,10.1889316000000000|56.1576159000000000,10.1930780000000000",10.193078,56.1576159,https://aarhusbolig.dk/afdelinger/?bolignr=794&selskab=881&afdeling=7&antalrum=2,73.57894736842105
134,3 vær.,90,7023,Afd. 07 Ringkøbingvej,Ringkøbingvej,8000  Århus C.,"https://maps.googleapis.com/maps/api/staticmap?key=AIzaSyAPZi-HwfGiwUjTaeq6rLhvH3yX8wtxDkw&zoom=15&size=600x600&markers=color:blue|label:A |56.1571202000000000,10.1889316000000000|56.1576159000000000,10.1930780000000000",10.193078,56.1576159,https://aarhusbolig.dk/afdelinger/?bolignr=789&selskab=881&afdeling=7&antalrum=3,78.03333333333333
135,1 vær.,47,3480,Afd. 08 Marselisgården I,Søndre Ringgade,8000  Århus C.,"https://maps.googleapis.com/maps/api/staticmap?key=AIzaSyAPZi-HwfGiwUjTaeq6rLhvH3yX8wtxDkw&zoom=15&size=600x600&markers=color:blue|label:A |56.1431689000000000,10.1874761000000000",10.1874761,56.1431689,https://aarhusbolig.dk/afdelinger/?bolignr=156&selskab=881&afdeling=8&antalrum=1,74.04255319148936
136,1 vær.,47,3722,Afd. 08 Marselisgården I,Søndre Ringgade,8000  Århus C.,"https://maps.googleapis.com/maps/api/staticmap?key=AIzaSyAPZi-HwfGiwUjTaeq6rLhvH3yX8wtxDkw&zoom=15&size=600x600&markers=color:blue|label:A |56.1431689000000000,10.1874761000000000",10.1874761,56.1431689,https://aarhusbolig.dk/afdelinger/?bolignr=35&selskab=881&afdeling=8&antalrum=1,79.19148936170212
137,2 vær.,64,4504,Afd. 08 Marselisgården I,Søndre Ringgade,8000  Århus C.,"https://maps.googleapis.com/maps/api/staticmap?key=AIzaSyAPZi-HwfGiwUjTaeq6rLhvH3yX8wtxDkw&zoom=15&size=600x600&markers=color:blue|label:A |56.1431689000000000,10.1874761000000000",10.1874761,56.1431689,https://aarhusbolig.dk/afdelinger/?bolignr=145&selskab=881&afdeling=8&antalrum=2,70.375
138,2 vær.,75,5145,Afd. 08 Marselisgården I,Søndre Ringgade,8000  Århus C.,"https://maps.googleapis.com/maps/api/staticmap?key=AIzaSyAPZi-HwfGiwUjTaeq6rLhvH3yX8wtxDkw&zoom=15&size=600x600&markers=color:blue|label:A |56.1431689000000000,10.1874761000000000",10.1874761,56.1431689,https://aarhusbolig.dk/afdelinger/?bolignr=1&selskab=881&afdeling=8&antalrum=2,68.6
139,2 vær.,77,4535,Afd. 08 Marselisgården I,Søndre Ringgade,8000  Århus C.,"https://maps.googleapis.com/maps/api/staticmap?key=AIzaSyAPZi-HwfGiwUjTaeq6rLhvH3yX8wtxDkw&zoom=15&size=600x600&markers=color:blue|label:A |56.1431689000000000,10.1874761000000000",10.1874761,56.1431689,https://aarhusbolig.dk/afdelinger/?bolignr=3&selskab=881&afdeling=8&antalrum=2,58.896103896103895
140,3 vær.,82,6192,Afd. 08 Marselisgården I,Søndre Ringgade,8000  Århus C.,"https://maps.googleapis.com/maps/api/staticmap?key=AIzaSyAPZi-HwfGiwUjTaeq6rLhvH3yX8wtxDkw&zoom=15&size=600x600&markers=color:blue|label:A |56.1431689000000000,10.1874761000000000",10.1874761,56.1431689,https://aarhusbolig.dk/afdelinger/?bolignr=216&selskab=881&afdeling=8&antalrum=3,75.51219512195122
141,3 vær.,100,6400,Afd. 08 Marselisgården I,Søndre Ringgade,8000  Århus C.,"https://maps.googleapis.com/maps/api/staticmap?key=AIzaSyAPZi-HwfGiwUjTaeq6rLhvH3yX8wtxDkw&zoom=15&size=600x600&markers=color:blue|label:A |56.1431689000000000,10.1874761000000000",10.1874761,56.1431689,https://aarhusbolig.dk/afdelinger/?bolignr=21&selskab=881&afdeling=8&antalrum=3,64.0
142,1 vær.,63,5180,Afd. 09 Viborggård,Viborgvej,8000  Århus C.,"https://maps.googleapis.com/maps/api/staticmap?key=AIzaSyAPZi-HwfGiwUjTaeq6rLhvH3yX8wtxDkw&zoom=15&size=600x600&markers=color:blue|label:A |56.1605863000000000,10.1844530000000000",10.184453,56.1605863,https://aarhusbolig.dk/afdelinger/?bolignr=833&selskab=881&afdeling=9&antalrum=1,82.22222222222223
143,2 vær.,61,3898,Afd. 09 Viborggård,Viborgvej,8000  Århus C.,"https://maps.googleapis.com/maps/api/staticmap?key=AIzaSyAPZi-HwfGiwUjTaeq6rLhvH3yX8wtxDkw&zoom=15&size=600x600&markers=color:blue|label:A |56.1605863000000000,10.1844530000000000",10.184453,56.1605863,https://aarhusbolig.dk/afdelinger/?bolignr=425&selskab=881&afdeling=9&antalrum=2,63.90163934426229
144,3 vær.,70,4340,Afd. 09 Viborggård,Viborgvej,8000  Århus C.,"https://maps.googleapis.com/maps/api/staticmap?key=AIzaSyAPZi-HwfGiwUjTaeq6rLhvH3yX8wtxDkw&zoom=15&size=600x600&markers=color:blue|label:A |56.1605863000000000,10.1844530000000000",10.184453,56.1605863,https://aarhusbolig.dk/afdelinger/?bolignr=485&selskab=881&afdeling=9&antalrum=3,62.0
145,3 vær.,74,5128,Afd. 09 Viborggård,Viborgvej,8000  Århus C.,"https://maps.googleapis.com/maps/api/staticmap?key=AIzaSyAPZi-HwfGiwUjTaeq6rLhvH3yX8wtxDkw&zoom=15&size=600x600&markers=color:blue|label:A |56.1605863000000000,10.1844530000000000",10.184453,56.1605863,https://aarhusbolig.dk/afdelinger/?bolignr=404&selskab=881&afdeling=9&antalrum=3,69.29729729729729
146,3 vær.,91,5322,Afd. 09 Viborggård,Viborgvej,8000  Århus C.,"https://maps.googleapis.com/maps/api/staticmap?key=AIzaSyAPZi-HwfGiwUjTaeq6rLhvH3yX8wtxDkw&zoom=15&size=600x600&markers=color:blue|label:A |56.1605863000000000,10.1844530000000000",10.184453,56.1605863,https://aarhusbolig.dk/afdelinger/?bolignr=432&selskab=881&afdeling=9&antalrum=3,58.48351648351648
147,4 vær.,86,5043,Afd. 09 Viborggård,Viborgvej,8000  Århus C.,"https://maps.googleapis.com/maps/api/staticmap?key=AIzaSyAPZi-HwfGiwUjTaeq6rLhvH3yX8wtxDkw&zoom=15&size=600x600&markers=color:blue|label:A |56.1605863000000000,10.1844530000000000",10.184453,56.1605863,https://aarhusbolig.dk/afdelinger/?bolignr=731&selskab=881&afdeling=9&antalrum=4,58.63953488372093
148,4 vær.,123,7711,Afd. 09 Viborggård,Viborgvej,8000  Århus C.,"https://maps.googleapis.com/maps/api/staticmap?key=AIzaSyAPZi-HwfGiwUjTaeq6rLhvH3yX8wtxDkw&zoom=15&size=600x600&markers=color:blue|label:A |56.1605863000000000,10.1844530000000000",10.184453,56.1605863,https://aarhusbolig.dk/afdelinger/?bolignr=495&selskab=881&afdeling=9&antalrum=4,62.6910569105691
149,5 vær.,102,7604,Afd. 09 Viborggård,Viborgvej,8000  Århus C.,"https://maps.googleapis.com/maps/api/staticmap?key=AIzaSyAPZi-HwfGiwUjTaeq6rLhvH3yX8wtxDkw&zoom=15&size=600x600&markers=color:blue|label:A |56.1605863000000000,10.1844530000000000",10.184453,56.1605863,https://aarhusbolig.dk/afdelinger/?bolignr=861&selskab=881&afdeling=9&antalrum=5,74.54901960784314
150,1 vær.,44,3306,Afd. 21 Langenæs I,Langenæs Alle,8000  Århus C.,"https://maps.googleapis.com/maps/api/staticmap?key=AIzaSyAPZi-HwfGiwUjTaeq6rLhvH3yX8wtxDkw&zoom=15&size=600x600&markers=color:blue|label:A |56.1425969000000000,10.1846781000000000",10.1846781,56.1425969,https://aarhusbolig.dk/afdelinger/?bolignr=572&selskab=881&afdeling=21&antalrum=1,75.13636363636364
151,2 vær.,67,4363,Afd. 21 Langenæs I,Langenæs Alle,8000  Århus C.,"https://maps.googleapis.com/maps/api/staticmap?key=AIzaSyAPZi-HwfGiwUjTaeq6rLhvH3yX8wtxDkw&zoom=15&size=600x600&markers=color:blue|label:A |56.1425969000000000,10.1846781000000000",10.1846781,56.1425969,https://aarhusbolig.dk/afdelinger/?bolignr=571&selskab=881&afdeling=21&antalrum=2,65.11940298507463
152,3 vær.,83,5257,Afd. 21 Langenæs I,Langenæs Alle,8000  Århus C.,"https://maps.googleapis.com/maps/api/staticmap?key=AIzaSyAPZi-HwfGiwUjTaeq6rLhvH3yX8wtxDkw&zoom=15&size=600x600&markers=color:blue|label:A |56.1425969000000000,10.1846781000000000",10.1846781,56.1425969,https://aarhusbolig.dk/afdelinger/?bolignr=502&selskab=881&afdeling=21&antalrum=3,63.33734939759036
153,4 vær.,95,5964,Afd. 21 Langenæs I,Langenæs Alle,8000  Århus C.,"https://maps.googleapis.com/maps/api/staticmap?key=AIzaSyAPZi-HwfGiwUjTaeq6rLhvH3yX8wtxDkw&zoom=15&size=600x600&markers=color:blue|label:A |56.1425969000000000,10.1846781000000000",10.1846781,56.1425969,https://aarhusbolig.dk/afdelinger/?bolignr=501&selskab=881&afdeling=21&antalrum=4,62.77894736842105
154,5 vær.,108,6604,Afd. 21 Langenæs I,Langenæs Alle,8000  Århus C.,"https://maps.googleapis.com/maps/api/staticmap?key=AIzaSyAPZi-HwfGiwUjTaeq6rLhvH3yX8wtxDkw&zoom=15&size=600x600&markers=color:blue|label:A |56.1425969000000000,10.1846781000000000",10.1846781,56.1425969,https://aarhusbolig.dk/afdelinger/?bolignr=709&selskab=881&afdeling=21&antalrum=5,61.148148148148145
155,1 vær.,43,3462,Afd. 22 Langenæs II,Langenæs Alle,8000  Århus C.,"https://maps.googleapis.com/maps/api/staticmap?key=AIzaSyAPZi-HwfGiwUjTaeq6rLhvH3yX8wtxDkw&zoom=15&size=600x600&markers=color:blue|label:A |56.1413717000000000,10.1799393000000000",10.1799393,56.1413717,https://aarhusbolig.dk/afdelinger/?bolignr=776&selskab=881&afdeling=22&antalrum=1,80.51162790697674
156,2 vær.,67,5289,Afd. 22 Langenæs II,Langenæs Alle,8000  Århus C.,"https://maps.googleapis.com/maps/api/staticmap?key=AIzaSyAPZi-HwfGiwUjTaeq6rLhvH3yX8wtxDkw&zoom=15&size=600x600&markers=color:blue|label:A |56.1413717000000000,10.1799393000000000",10.1799393,56.1413717,https://aarhusbolig.dk/afdelinger/?bolignr=775&selskab=881&afdeling=22&antalrum=2,78.94029850746269
157,3 vær.,82,7197,Afd. 22 Langenæs II,Langenæs Alle,8000  Århus C.,"https://maps.googleapis.com/maps/api/staticmap?key=AIzaSyAPZi-HwfGiwUjTaeq6rLhvH3yX8wtxDkw&zoom=15&size=600x600&markers=color:blue|label:A |56.1413717000000000,10.1799393000000000",10.1799393,56.1413717,https://aarhusbolig.dk/afdelinger/?bolignr=797&selskab=881&afdeling=22&antalrum=3,87.76829268292683
158,4 vær.,95,7839,Afd. 22 Langenæs II,Langenæs Alle,8000  Århus C.,"https://maps.googleapis.com/maps/api/staticmap?key=AIzaSyAPZi-HwfGiwUjTaeq6rLhvH3yX8wtxDkw&zoom=15&size=600x600&markers=color:blue|label:A |56.1413717000000000,10.1799393000000000",10.1799393,56.1413717,https://aarhusbolig.dk/afdelinger/?bolignr=798&selskab=881&afdeling=22&antalrum=4,82.51578947368421
159,5 vær.,106,7464,Afd. 22 Langenæs II,Langenæs Alle,8000  Århus C.,"https://maps.googleapis.com/maps/api/staticmap?key=AIzaSyAPZi-HwfGiwUjTaeq6rLhvH3yX8wtxDkw&zoom=15&size=600x600&markers=color:blue|label:A |56.1413717000000000,10.1799393000000000",10.1799393,56.1413717,https://aarhusbolig.dk/afdelinger/?bolignr=829&selskab=881&afdeling=22&antalrum=5,70.41509433962264
160,1 vær.,63,5076,Afd. 25 Klostervangen,Langelandsgade,8000  Århus C.,"https://maps.googleapis.com/maps/api/staticmap?key=AIzaSyAPZi-HwfGiwUjTaeq6rLhvH3yX8wtxDkw&zoom=15&size=600x600&markers=color:blue|label:A |56.1617210100000000,10.1985713800000000|56.1628970000000000,10.1968489000000000",10.196848899999999,56.162897,https://aarhusbolig.dk/afdelinger/?bolignr=232&selskab=881&afdeling=25&antalrum=1,80.57142857142857
161,2 vær.,75,5483,Afd. 25 Klostervangen,Langelandsgade,8000  Århus C.,"https://maps.googleapis.com/maps/api/staticmap?key=AIzaSyAPZi-HwfGiwUjTaeq6rLhvH3yX8wtxDkw&zoom=15&size=600x600&markers=color:blue|label:A |56.1617210100000000,10.1985713800000000|56.1628970000000000,10.1968489000000000",10.196848899999999,56.162897,https://aarhusbolig.dk/afdelinger/?bolignr=11&selskab=881&afdeling=25&antalrum=2,73.10666666666667
162,3 vær.,84,6237,Afd. 25 Klostervangen,Langelandsgade,8000  Århus C.,"https://maps.googleapis.com/maps/api/staticmap?key=AIzaSyAPZi-HwfGiwUjTaeq6rLhvH3yX8wtxDkw&zoom=15&size=600x600&markers=color:blue|label:A |56.1617210100000000,10.1985713800000000|56.1628970000000000,10.1968489000000000",10.196848899999999,56.162897,https://aarhusbolig.dk/afdelinger/?bolignr=23&selskab=881&afdeling=25&antalrum=3,74.25
163,4 vær.,94,6676,Afd. 25 Klostervangen,Langelandsgade,8000  Århus C.,"https://maps.googleapis.com/maps/api/staticmap?key=AIzaSyAPZi-HwfGiwUjTaeq6rLhvH3yX8wtxDkw&zoom=15&size=600x600&markers=color:blue|label:A |56.1617210100000000,10.1985713800000000|56.1628970000000000,10.1968489000000000",10.196848899999999,56.162897,https://aarhusbolig.dk/afdelinger/?bolignr=12&selskab=881&afdeling=25&antalrum=4,71.02127659574468
164,1 vær.,54,4462,Afd. 29 Højhuset Langenæs,Langenæs Alle,8000  Århus C.,"https://maps.googleapis.com/maps/api/staticmap?key=AIzaSyAPZi-HwfGiwUjTaeq6rLhvH3yX8wtxDkw&zoom=15&size=600x600&markers=color:blue|label:A |56.1428850000000000,10.1855223000000000",10.1855223,56.142885,https://aarhusbolig.dk/afdelinger/?bolignr=905&selskab=881&afdeling=29&antalrum=1,82.62962962962963
165,2 vær.,85,6540,Afd. 29 Højhuset Langenæs,Langenæs Alle,8000  Århus C.,"https://maps.googleapis.com/maps/api/staticmap?key=AIzaSyAPZi-HwfGiwUjTaeq6rLhvH3yX8wtxDkw&zoom=15&size=600x600&markers=color:blue|label:A |56.1428850000000000,10.1855223000000000",10.1855223,56.142885,https://aarhusbolig.dk/afdelinger/?bolignr=903&selskab=881&afdeling=29&antalrum=2,76.94117647058823
166,3 vær.,118,8182,Afd. 29 Højhuset Langenæs,Langenæs Alle,8000  Århus C.,"https://maps.googleapis.com/maps/api/staticmap?key=AIzaSyAPZi-HwfGiwUjTaeq6rLhvH3yX8wtxDkw&zoom=15&size=600x600&markers=color:blue|label:A |56.1428850000000000,10.1855223000000000",10.1855223,56.142885,https://aarhusbolig.dk/afdelinger/?bolignr=906&selskab=881&afdeling=29&antalrum=3,69.33898305084746
167,4 vær.,117,8545,Afd. 29 Højhuset Langenæs,Langenæs Alle,8000  Århus C.,"https://maps.googleapis.com/maps/api/staticmap?key=AIzaSyAPZi-HwfGiwUjTaeq6rLhvH3yX8wtxDkw&zoom=15&size=600x600&markers=color:blue|label:A |56.1428850000000000,10.1855223000000000",10.1855223,56.142885,https://aarhusbolig.dk/afdelinger/?bolignr=904&selskab=881&afdeling=29&antalrum=4,73.03418803418803
168,2 vær.,64,4605,Afd. 60 Frederiksbjerg-bo,Max Müllers Gade,8000  Århus C.,"https://maps.googleapis.com/maps/api/staticmap?key=AIzaSyAPZi-HwfGiwUjTaeq6rLhvH3yX8wtxDkw&zoom=15&size=600x600&markers=color:blue|label:A |56.1456210000000000,10.1917510000000000|56.1456783000000000,10.1900017000000000",10.1900017,56.1456783,https://aarhusbolig.dk/afdelinger/?bolignr=148&selskab=881&afdeling=60&antalrum=2,71.953125
169,3 vær.,68,4700,Afd. 60 Frederiksbjerg-bo,Max Müllers Gade,8000  Århus C.,"https://maps.googleapis.com/maps/api/staticmap?key=AIzaSyAPZi-HwfGiwUjTaeq6rLhvH3yX8wtxDkw&zoom=15&size=600x600&markers=color:blue|label:A |56.1456210000000000,10.1917510000000000|56.1456783000000000,10.1900017000000000",10.1900017,56.1456783,https://aarhusbolig.dk/afdelinger/?bolignr=202&selskab=881&afdeling=60&antalrum=3,69.11764705882354
170,3 vær.,82,5151,Afd. 60 Frederiksbjerg-bo,Max Müllers Gade,8000  Århus C.,"https://maps.googleapis.com/maps/api/staticmap?key=AIzaSyAPZi-HwfGiwUjTaeq6rLhvH3yX8wtxDkw&zoom=15&size=600x600&markers=color:blue|label:A |56.1456210000000000,10.1917510000000000|56.1456783000000000,10.1900017000000000",10.1900017,56.1456783,https://aarhusbolig.dk/afdelinger/?bolignr=154&selskab=881&afdeling=60&antalrum=3,62.81707317073171
171,4 vær.,117,5882,Afd. 60 Frederiksbjerg-bo,Max Müllers Gade,8000  Århus C.,"https://maps.googleapis.com/maps/api/staticmap?key=AIzaSyAPZi-HwfGiwUjTaeq6rLhvH3yX8wtxDkw&zoom=15&size=600x600&markers=color:blue|label:A |56.1456210000000000,10.1917510000000000|56.1456783000000000,10.1900017000000000",10.1900017,56.1456783,https://aarhusbolig.dk/afdelinger/?bolignr=226&selskab=881&afdeling=60&antalrum=4,50.27350427350427
172,5 vær.,127,7086,Afd. 60 Frederiksbjerg-bo,Max Müllers Gade,8000  Århus C.,"https://maps.googleapis.com/maps/api/staticmap?key=AIzaSyAPZi-HwfGiwUjTaeq6rLhvH3yX8wtxDkw&zoom=15&size=600x600&markers=color:blue|label:A |56.1456210000000000,10.1917510000000000|56.1456783000000000,10.1900017000000000",10.1900017,56.1456783,https://aarhusbolig.dk/afdelinger/?bolignr=113&selskab=881&afdeling=60&antalrum=5,55.79527559055118
173,6 vær.,126,11148,Afd. 60 Frederiksbjerg-bo,Max Müllers Gade,8000  Århus C.,"https://maps.googleapis.com/maps/api/staticmap?key=AIzaSyAPZi-HwfGiwUjTaeq6rLhvH3yX8wtxDkw&zoom=15&size=600x600&markers=color:blue|label:A |56.1456210000000000,10.1917510000000000|56.1456783000000000,10.1900017000000000",10.1900017,56.1456783,https://aarhusbolig.dk/afdelinger/?bolignr=403&selskab=881&afdeling=60&antalrum=6,88.47619047619048
174,1 vær.,63,5530,Afd. 72 Nygade,Nygade,8000  Århus C.,"https://maps.googleapis.com/maps/api/staticmap?key=AIzaSyAPZi-HwfGiwUjTaeq6rLhvH3yX8wtxDkw&zoom=15&size=600x600&markers=color:blue|label:A |56.1581510000000000,10.2037680000000000",10.203768,56.158151,https://aarhusbolig.dk/afdelinger/?bolignr=10&selskab=881&afdeling=72&antalrum=1,87.77777777777777
175,2 vær.,72,6400,Afd. 72 Nygade,Nygade,8000  Århus C.,"https://maps.googleapis.com/maps/api/staticmap?key=AIzaSyAPZi-HwfGiwUjTaeq6rLhvH3yX8wtxDkw&zoom=15&size=600x600&markers=color:blue|label:A |56.1581510000000000,10.2037680000000000",10.203768,56.158151,https://aarhusbolig.dk/afdelinger/?bolignr=6&selskab=881&afdeling=72&antalrum=2,88.88888888888889
176,3 vær.,88,7703,Afd. 72 Nygade,Nygade,8000  Århus C.,"https://maps.googleapis.com/maps/api/staticmap?key=AIzaSyAPZi-HwfGiwUjTaeq6rLhvH3yX8wtxDkw&zoom=15&size=600x600&markers=color:blue|label:A |56.1581510000000000,10.2037680000000000",10.203768,56.158151,https://aarhusbolig.dk/afdelinger/?bolignr=59&selskab=881&afdeling=72&antalrum=3,87.5340909090909
177,4 vær.,89,8668,Afd. 72 Nygade,Nygade,8000  Århus C.,"https://maps.googleapis.com/maps/api/staticmap?key=AIzaSyAPZi-HwfGiwUjTaeq6rLhvH3yX8wtxDkw&zoom=15&size=600x600&markers=color:blue|label:A |56.1581510000000000,10.2037680000000000",10.203768,56.158151,https://aarhusbolig.dk/afdelinger/?bolignr=52&selskab=881&afdeling=72&antalrum=4,97.3932584269663
178,5 vær.,137,11917,Afd. 72 Nygade,Nygade,8000  Århus C.,"https://maps.googleapis.com/maps/api/staticmap?key=AIzaSyAPZi-HwfGiwUjTaeq6rLhvH3yX8wtxDkw&zoom=15&size=600x600&markers=color:blue|label:A |56.1581510000000000,10.2037680000000000",10.203768,56.158151,https://aarhusbolig.dk/afdelinger/?bolignr=42&selskab=881&afdeling=72&antalrum=5,86.98540145985402
179,1 vær.,53,4976,Afd. 73 Fænøgade/Graven/Volden,Fænøgade,8000  Århus C.,"https://maps.googleapis.com/maps/api/staticmap?key=AIzaSyAPZi-HwfGiwUjTaeq6rLhvH3yX8wtxDkw&zoom=15&size=600x600&markers=color:blue|label:A |56.1581713000000000,10.2085969000000000|56.1615383000000000,10.2080960000000000",10.208096,56.1615383,https://aarhusbolig.dk/afdelinger/?bolignr=1&selskab=881&afdeling=73&antalrum=1,93.88679245283019
180,2 vær.,70,6456,Afd. 73 Fænøgade/Graven/Volden,Fænøgade,8000  Århus C.,"https://maps.googleapis.com/maps/api/staticmap?key=AIzaSyAPZi-HwfGiwUjTaeq6rLhvH3yX8wtxDkw&zoom=15&size=600x600&markers=color:blue|label:A |56.1581713000000000,10.2085969000000000|56.1615383000000000,10.2080960000000000",10.208096,56.1615383,https://aarhusbolig.dk/afdelinger/?bolignr=6&selskab=881&afdeling=73&antalrum=2,92.22857142857143
181,3 vær.,74,7334,Afd. 73 Fænøgade/Graven/Volden,Fænøgade,8000  Århus C.,"https://maps.googleapis.com/maps/api/staticmap?key=AIzaSyAPZi-HwfGiwUjTaeq6rLhvH3yX8wtxDkw&zoom=15&size=600x600&markers=color:blue|label:A |56.1581713000000000,10.2085969000000000|56.1615383000000000,10.2080960000000000",10.208096,56.1615383,https://aarhusbolig.dk/afdelinger/?bolignr=12&selskab=881&afdeling=73&antalrum=3,99.10810810810811
182,4 vær.,97,8871,Afd. 73 Fænøgade/Graven/Volden,Fænøgade,8000  Århus C.,"https://maps.googleapis.com/maps/api/staticmap?key=AIzaSyAPZi-HwfGiwUjTaeq6rLhvH3yX8wtxDkw&zoom=15&size=600x600&markers=color:blue|label:A |56.1581713000000000,10.2085969000000000|56.1615383000000000,10.2080960000000000",10.208096,56.1615383,https://aarhusbolig.dk/afdelinger/?bolignr=4&selskab=881&afdeling=73&antalrum=4,91.45360824742268
183,1 vær.,54,4919,Afd. 74 Nørregade/Nørreport,Nørreport,8000  Århus C.,"https://maps.googleapis.com/maps/api/staticmap?key=AIzaSyAPZi-HwfGiwUjTaeq6rLhvH3yX8wtxDkw&zoom=15&size=600x600&markers=color:blue|label:A |56.1610806000000000,10.2124487000000000",10.2124487,56.1610806,https://aarhusbolig.dk/afdelinger/?bolignr=37&selskab=881&afdeling=74&antalrum=1,91.0925925925926
184,2 vær.,67,6058,Afd. 74 Nørregade/Nørreport,Nørreport,8000  Århus C.,"https://maps.googleapis.com/maps/api/staticmap?key=AIzaSyAPZi-HwfGiwUjTaeq6rLhvH3yX8wtxDkw&zoom=15&size=600x600&markers=color:blue|label:A |56.1610806000000000,10.2124487000000000",10.2124487,56.1610806,https://aarhusbolig.dk/afdelinger/?bolignr=64&selskab=881&afdeling=74&antalrum=2,90.41791044776119
185,3 vær.,78,7029,Afd. 74 Nørregade/Nørreport,Nørreport,8000  Århus C.,"https://maps.googleapis.com/maps/api/staticmap?key=AIzaSyAPZi-HwfGiwUjTaeq6rLhvH3yX8wtxDkw&zoom=15&size=600x600&markers=color:blue|label:A |56.1610806000000000,10.2124487000000000",10.2124487,56.1610806,https://aarhusbolig.dk/afdelinger/?bolignr=83&selskab=881&afdeling=74&antalrum=3,90.11538461538461
186,4 vær.,114,10170,Afd. 74 Nørregade/Nørreport,Nørreport,8000  Århus C.,"https://maps.googleapis.com/maps/api/staticmap?key=AIzaSyAPZi-HwfGiwUjTaeq6rLhvH3yX8wtxDkw&zoom=15&size=600x600&markers=color:blue|label:A |56.1610806000000000,10.2124487000000000",10.2124487,56.1610806,https://aarhusbolig.dk/afdelinger/?bolignr=54&selskab=881&afdeling=74&antalrum=4,89.21052631578948
187,3 vær.,91,8558,Afd. 75 Havnen,Helga Pedersens Gade,8000 Århus C,"https://maps.googleapis.com/maps/api/staticmap?key=AIzaSyAPZi-HwfGiwUjTaeq6rLhvH3yX8wtxDkw&zoom=15&size=600x600&markers=color:blue|label:A |56.1659610800000000,10.2305674600000000",10.23056746,56.16596108,https://aarhusbolig.dk/afdelinger/?bolignr=29&selskab=881&afdeling=75&antalrum=3,94.04395604395604
188,4 vær.,111,10731,Afd. 75 Havnen,Helga Pedersens Gade,8000 Århus C,"https://maps.googleapis.com/maps/api/staticmap?key=AIzaSyAPZi-HwfGiwUjTaeq6rLhvH3yX8wtxDkw&zoom=15&size=600x600&markers=color:blue|label:A |56.1659610800000000,10.2305674600000000",10.23056746,56.16596108,https://aarhusbolig.dk/afdelinger/?bolignr=25&selskab=881&afdeling=75&antalrum=4,96.67567567567568
189,2 vær.,69,6177,Afd. 160 Ældreboliger Frederiksbjerg-bo,Max Müllers Gade,8000 Århus C,"https://maps.googleapis.com/maps/api/staticmap?key=AIzaSyAPZi-HwfGiwUjTaeq6rLhvH3yX8wtxDkw&zoom=15&size=600x600&markers=color:blue|label:A |56.1410908000000000,10.1939014000000000",10.1939014,56.1410908,https://aarhusbolig.dk/afdelinger/?bolignr=90&selskab=881&afdeling=160&antalrum=2,89.52173913043478
190,2 vær.,83,7022,Afd. 160 Ældreboliger Frederiksbjerg-bo,Max Müllers Gade,8000 Århus C,"https://maps.googleapis.com/maps/api/staticmap?key=AIzaSyAPZi-HwfGiwUjTaeq6rLhvH3yX8wtxDkw&zoom=15&size=600x600&markers=color:blue|label:A |56.1410908000000000,10.1939014000000000",10.1939014,56.1410908,https://aarhusbolig.dk/afdelinger/?bolignr=3&selskab=881&afdeling=160&antalrum=2,84.60240963855422
191,3 vær.,82,6594,Afd. 160 Ældreboliger Frederiksbjerg-bo,Max Müllers Gade,8000 Århus C,"https://maps.googleapis.com/maps/api/staticmap?key=AIzaSyAPZi-HwfGiwUjTaeq6rLhvH3yX8wtxDkw&zoom=15&size=600x600&markers=color:blue|label:A |56.1410908000000000,10.1939014000000000",10.1939014,56.1410908,https://aarhusbolig.dk/afdelinger/?bolignr=91&selskab=881&afdeling=160&antalrum=3,80.41463414634147
192,3 vær.,106,7032,Afd. 160 Ældreboliger Frederiksbjerg-bo,Max Müllers Gade,8000 Århus C,"https://maps.googleapis.com/maps/api/staticmap?key=AIzaSyAPZi-HwfGiwUjTaeq6rLhvH3yX8wtxDkw&zoom=15&size=600x600&markers=color:blue|label:A |56.1410908000000000,10.1939014000000000",10.1939014,56.1410908,https://aarhusbolig.dk/afdelinger/?bolignr=98&selskab=881&afdeling=160&antalrum=3,66.33962264150944
